study_hours,break_time,sleep_hours,focus_score,previous_score,course,difficulty,goal_type,energy_level,time_of_day,distraction,day,target
4.370861069626263,1.9014286128198323,8.39196365086843,6.387926357773329,49.36111842654619,dbms,high,exam,high,morning,high,saturday,Pomodoro
1.5077042112439023,1.4439975445336495,9.6313162540945,1.007008892569129,99.53269355747305,data structures,medium,revision,low,morning,low,wednesday,Pomodoro
6.506676052501415,0.27898772130408367,5.752867891211309,4.297256589643226,67.36419905302216,general,medium,exam,high,morning,high,friday,Pomodoro
6.467903667112945,0.34104824737458306,4.390309557911677,9.539969835279999,97.93792198447356,algorithms,medium,concept,medium,morning,medium,thursday,Spaced Repetition
3.1692291942341053,1.3665270376509164,7.659979946695725,8.49875420562548,50.401879210466326,data structures,medium,revision,medium,afternoon,medium,tuesday,Spaced Repetition
6.109302950379924,0.06262658491111717,9.05370864756999,5.047787200327891,63.709014160108865,operating systems,medium,exam,high,afternoon,high,thursday,Pomodoro
1.4070456001948426,0.6506606615265287,6.332063738136892,3.442141285965063,89.72425054911577,algorithms,low,concept,low,morning,high,friday,Pomodoro
1.6709557931179373,1.9737738732010346,8.633468615779945,2.7884411338075514,40.331327027416144,dbms,high,concept,high,night,low,wednesday,Pomodoro
1.6664018656068134,0.7169314570885452,4.695214357150778,8.767930832880342,77.39788760965348,algorithms,low,exam,high,afternoon,low,wednesday,Spaced Repetition
6.321680089369544,0.5494435859801283,7.367460555086207,4.446341872784108,98.30272572334623,dbms,low,concept,medium,night,high,saturday,Pomodoro
5.444160367279517,1.0454656587639881,6.565246110151298,1.2287721406968566,46.473485619598264,general,high,concept,low,afternoon,low,sunday,Pomodoro
6.439756413500355,1.0796821826033463,5.218367348408616,9.485682135021829,75.93192798931216,dbms,medium,revision,medium,morning,medium,monday,Spaced Repetition
1.9494483384724355,0.9130691409658205,5.310642623301002,4.748589530833296,92.9968155351321,algorithms,high,concept,high,afternoon,low,monday,Pomodoro
3.051416462877475,0.8542155772525126,8.90808859553496,8.74657524930709,40.41712783187144,dbms,low,revision,low,morning,high,tuesday,Pomodoro
4.038536542632651,1.8858194078250383,5.939217592124532,5.669115595690295,82.18113753371067,data structures,medium,concept,medium,afternoon,high,tuesday,Pomodoro
7.410435309319978,0.2961738599067998,9.98644291029365,3.401029128477565,98.59689734995916,operating systems,medium,exam,low,morning,low,wednesday,Pomodoro
7.126349063992901,1.0618691666342728,6.68669898743855,5.976037801641952,75.56180343276361,general,high,exam,low,night,medium,friday,Spaced Repetition
6.690752475342215,1.2670594215217894,7.214648104448551,1.8126079304896747,90.11814973535428,operating systems,high,revision,low,night,high,thursday,Pomodoro
1.1492904603507053,1.024186116598562,5.358974651187628,6.806555113685048,50.46198574029948,data structures,high,revision,low,night,low,monday,Spaced Repetition
2.881644586639423,1.0828959476551316,8.174706396070494,3.056950196175697,50.49729562575617,data structures,low,revision,low,afternoon,low,friday,Pomodoro
8.943727088704058,0.37741421668275876,5.6732281155530915,7.303220469754942,90.79966853429835,operating systems,medium,concept,high,morning,medium,thursday,Spaced Repetition
6.226179592928092,0.7445655331234862,9.64080065474667,9.762974530797855,57.03525848424794,mathematics,medium,revision,medium,night,low,monday,Spaced Repetition
2.583327274096108,0.036150727231041735,6.963362291100608,2.6094043829919595,61.988127074971594,general,high,concept,low,night,high,saturday,Pomodoro
3.386821309135529,0.48797928675816715,9.838063328514673,4.537879522000844,93.5227933106268,dbms,high,revision,low,afternoon,low,thursday,Pomodoro
7.020316536967897,1.7283351301438061,5.381111609449332,5.492740418962771,74.32025195255099,data structures,low,revision,low,afternoon,low,saturday,Spaced Repetition
4.331428302298999,0.030913233057734857,9.569911375526353,4.8536573348558285,97.99928914262017,dbms,low,exam,low,morning,high,monday,Pomodoro
3.852298046406499,0.338985493372185,7.340807574750101,9.425392967447028,81.76178780049838,mathematics,medium,exam,medium,night,medium,sunday,Spaced Repetition
5.664966871273631,1.7547461438559109,8.444611706525226,7.273141668957412,82.14904503922656,general,low,revision,high,afternoon,high,tuesday,Pomodoro
8.803650867220934,1.8264811051129426,7.068054393165626,5.513646652184796,87.89771073800651,data structures,medium,revision,high,night,high,thursday,Pomodoro
6.209784059568029,0.8769482460361739,8.032156811771197,3.953374007272587,49.302497003664655,mathematics,low,revision,medium,afternoon,medium,monday,Pomodoro
1.3361336987429298,1.6452011213193165,6.161143848467577,2.143544613866963,71.33459560328826,machine learning,low,exam,medium,morning,medium,sunday,Pomodoro
7.295609896904745,0.2767061848356027,4.796472533457819,9.72583180402743,82.87570625079712,dbms,low,exam,high,afternoon,high,tuesday,Pomodoro
1.2281566907391177,1.9252968293558501,9.015880723073234,7.263767854843282,64.53717666485619,algorithms,medium,concept,high,afternoon,medium,saturday,Spaced Repetition
7.431363304300561,1.3203947534354625,5.679603381675657,9.593787525968747,84.2738150017461,general,low,revision,low,night,high,thursday,Pomodoro
6.094334894446686,0.31729289528498206,4.7209878868338535,4.076917000447614,45.50794394880651,general,low,revision,medium,afternoon,low,thursday,Pomodoro
1.1544499164857522,1.5267288460078219,8.841477862304677,4.116738889804607,67.88042877637669,machine learning,high,revision,medium,afternoon,low,thursday,Pomodoro
1.4077360879484007,0.7492252292529424,7.755159494285419,5.528226327220789,91.38939047129934,machine learning,low,exam,medium,morning,high,thursday,Pomodoro
6.179267600882911,0.7763398524130438,7.859729310654119,5.12427601442365,72.7370073589561,machine learning,high,concept,low,afternoon,high,thursday,Pomodoro
3.465650145890204,0.42917823941674826,6.263554499367855,1.3506681907921028,77.09523306027357,general,low,revision,low,afternoon,medium,tuesday,Pomodoro
4.06562112517816,0.5213890564718062,6.976224725760437,7.2360132282274545,60.900196267191845,dbms,low,concept,low,morning,low,thursday,Spaced Repetition
2.5969558940175053,1.5012295032817167,8.841008435603584,9.91454627800606,64.75706061468559,algorithms,low,exam,high,afternoon,low,thursday,Spaced Repetition
4.860946246375165,1.5017421355829947,8.527257244508094,1.9281148195233935,94.15317440077399,mathematics,low,revision,low,night,high,monday,Pomodoro
1.4813676707263201,1.9170829937663967,9.082858864573538,4.194146714164486,97.40805310758738,general,high,revision,high,morning,low,wednesday,Pomodoro
6.421968333110071,1.1074061046916015,5.2763673701453735,9.515750885935212,86.87776302827216,general,low,concept,medium,afternoon,high,saturday,Pomodoro
5.94575994091362,0.883061002746754,9.326225096549798,4.158235112968708,47.02402098565635,operating systems,low,revision,medium,morning,low,saturday,Pomodoro
1.756961255034977,1.40193826291824,4.436578038185161,8.396740533613206,82.37453362938977,machine learning,low,concept,medium,night,low,monday,Spaced Repetition
8.923239717745751,0.4733703873641575,9.446162238091278,6.326998649391559,61.01309480201881,operating systems,high,exam,low,afternoon,high,wednesday,Pomodoro
3.2385173898725914,0.660505058038197,6.606711066929628,3.2831395648582484,64.31212520688503,mathematics,medium,concept,high,morning,high,monday,Pomodoro
7.129354843872181,0.47501294258493987,6.4013373572321495,5.299434017922049,44.97347930160125,data structures,medium,concept,medium,afternoon,low,friday,Spaced Repetition
1.388439207555185,1.7822862273961422,7.166206654517799,9.936683165073703,44.42779388412393,dbms,high,concept,medium,night,low,monday,Deep Work
7.261738200861554,0.9090821295355465,7.765348480504381,6.258828807307902,94.06948062945935,data structures,high,revision,medium,morning,medium,thursday,Spaced Repetition
6.821635255018514,0.7765367679797444,5.376368474229698,3.3934413246781507,61.620705712316095,operating systems,high,revision,high,morning,low,monday,Pomodoro
4.700860487849676,1.205563764046597,5.625745855090779,2.1986661270137473,44.57202277594979,mathematics,medium,exam,low,night,low,tuesday,Pomodoro
1.7447357803177552,1.7533229718515855,7.3095272352644205,2.4835083502330084,64.67530699512214,mathematics,low,revision,high,morning,high,friday,Pomodoro
7.7462046997846485,0.7859788979577182,8.974985324239086,6.121733222491729,43.81070977540008,data structures,high,exam,low,morning,high,saturday,Pomodoro
7.225429574520208,1.0686925500589262,8.499464496819831,9.218491770318785,75.10897193952832,machine learning,low,revision,medium,night,low,friday,Spaced Repetition
5.054897217790842,0.25831883030298997,9.724306163552335,6.455571710057921,53.71856833020776,data structures,medium,exam,high,afternoon,medium,tuesday,Spaced Repetition
5.2858962711011275,1.6627429801250024,5.846663438626297,8.347471616917561,98.07842592638939,mathematics,medium,exam,low,morning,high,sunday,Pomodoro
4.784822007985676,1.569336527888619,7.836168141845454,8.245402007674258,94.18906352059759,operating systems,medium,revision,medium,afternoon,medium,saturday,Spaced Repetition
5.993340476880031,0.18200418210266056,8.35838219590137,5.927016762092004,67.05462684496626,general,medium,exam,medium,night,low,friday,Spaced Repetition
8.168245981064896,0.9186936158923449,9.052548490112258,7.920259671838577,43.97415867111195,machine learning,medium,revision,low,afternoon,low,saturday,Spaced Repetition
6.700607688850532,0.48029123755638614,4.455179968651984,2.159917497195843,47.682750337466345,general,high,revision,low,night,high,wednesday,Pomodoro
7.008019646689244,0.3446397424032597,5.153734112852025,1.3678175463983098,50.136103784329876,operating systems,medium,concept,medium,morning,medium,monday,Pomodoro
5.809811533592707,0.7119829685439722,9.365303577375554,2.158735584696795,59.80597079860932,dbms,low,revision,low,night,low,saturday,Pomodoro
1.7358312875398472,1.7471572482135544,9.525234403190879,1.5497016386937736,56.61265888883222,data structures,low,exam,low,night,high,sunday,Pomodoro
9.316375831966898,0.47223306623480865,8.559732453625514,5.781391785761806,83.23096368348789,algorithms,medium,exam,high,night,high,sunday,Pomodoro
8.599966053702659,1.4992324640171748,4.182832916401565,8.80493482967251,61.248800247587525,dbms,high,concept,high,morning,medium,sunday,Spaced Repetition
3.8987124902486046,0.4228960139930893,5.964984113067488,2.077859186373261,93.4316368443937,operating systems,low,revision,high,morning,low,tuesday,Pomodoro
1.7822825927868133,1.0742130836370956,7.521046708125275,7.70895526765897,65.89957277378076,dbms,medium,concept,low,afternoon,medium,tuesday,Spaced Repetition
3.199178399181891,0.9964953956978804,5.982090887685484,9.40322641383887,40.45206178804448,machine learning,medium,revision,high,afternoon,high,saturday,Pomodoro
3.565856518244624,0.34674719058950965,9.380592547758551,1.7221037109547799,71.47068337421528,machine learning,high,revision,medium,night,high,saturday,Pomodoro
9.775604466506282,0.9814975585175689,8.337376579730654,8.387753258380172,83.10743625019322,dbms,medium,exam,low,morning,medium,tuesday,Spaced Repetition
3.913113127638193,0.8508728772328336,7.04566227210673,3.181687591735722,46.89020948435221,algorithms,medium,revision,low,afternoon,high,sunday,Pomodoro
5.330260916693358,1.0651788651031717,4.310941220934561,4.029438503745285,48.064880616338456,general,medium,revision,low,afternoon,low,sunday,Pomodoro
7.133524500015364,1.520455719779373,7.573832443647065,5.244185696951425,64.71045484883611,mathematics,high,concept,low,afternoon,medium,saturday,Spaced Repetition
9.396442603899592,1.9818589529147812,5.230010860319424,4.413057264674204,95.58696541538268,mathematics,low,exam,low,morning,medium,thursday,Pomodoro
2.4729034857913406,0.3285315958619859,8.887448321388293,6.986774986265801,71.38392548614716,operating systems,low,concept,medium,morning,medium,sunday,Spaced Repetition
7.424042093697934,1.7993348905843463,7.744609265091025,5.858029557231697,66.32468052330034,data structures,low,concept,low,night,high,tuesday,Pomodoro
5.891975750025898,1.8129442219290939,7.745427975483953,2.0520823663752767,96.3899274168085,general,high,revision,high,night,low,monday,Pomodoro
5.801149827786894,1.7877851661019153,8.731583267347185,2.365073917594761,58.70332406773289,machine learning,high,exam,low,afternoon,medium,tuesday,Pomodoro
7.862128171666215,1.753531273523499,6.052490492295445,8.391315742048116,46.63790421731243,operating systems,low,exam,low,morning,low,sunday,Spaced Repetition
4.6805965937694385,1.5437639611964902,4.073218433908267,6.385984310847043,73.93050083937842,algorithms,high,exam,low,night,medium,tuesday,Spaced Repetition
4.082718314606891,0.45470196605997404,6.541581174522897,3.591366548281535,76.89701578915927,algorithms,low,revision,medium,morning,low,sunday,Pomodoro
7.534860274561607,1.1859258105176431,4.613275985351198,9.268754700346719,87.4050782274452,machine learning,high,revision,low,night,medium,monday,Spaced Repetition
4.817176041721474,1.4728884712494457,9.60620208861409,9.330116616160987,67.05036228424792,mathematics,low,concept,medium,afternoon,medium,sunday,Spaced Repetition
9.28757694355635,1.7397927241242566,7.113028342756433,6.321478921704363,63.94016223220781,data structures,low,concept,medium,morning,low,tuesday,Spaced Repetition
4.001492545220298,0.7963373871818866,7.2243736176275375,9.278700547714845,60.780759661957674,algorithms,high,revision,high,morning,high,wednesday,Deep Work
5.07195564519424,0.2817140407595997,5.05832191903734,5.4853099546553175,65.13552697027288,data structures,low,concept,high,night,medium,tuesday,Spaced Repetition
1.1178501092950026,1.3270747440334212,5.068215801218509,9.649632857225097,48.91976366518678,mathematics,medium,exam,low,morning,high,monday,Pomodoro
3.789432336417498,0.7946362309151958,6.560733432020497,8.198038198668424,60.96321994295998,mathematics,low,concept,low,morning,medium,wednesday,Spaced Repetition
1.5913777548551713,1.5510552333900212,6.7197330084881655,5.7195124239482205,66.44576481629369,algorithms,medium,revision,high,night,low,friday,Spaced Repetition
1.679530274235003,1.5064924414949017,5.633811128321796,9.076873688369957,71.59470799955763,data structures,high,exam,medium,night,low,monday,Spaced Repetition
5.9655033573340575,0.5077771280866086,5.176678598160716,5.549570911954304,75.70293878202523,data structures,high,concept,high,night,low,thursday,Spaced Repetition
3.1436450294205387,0.19888278551869032,5.459033145996725,7.500402386700932,91.34178808637714,dbms,low,revision,low,afternoon,high,sunday,Pomodoro
9.067022366690077,0.02600384702147207,4.513051185126809,2.870976296314246,41.59193223242918,machine learning,high,concept,medium,afternoon,low,sunday,Pomodoro
6.62285143938926,0.6717317142996702,8.950643988535958,4.267532909755815,42.05368664923175,operating systems,low,concept,medium,afternoon,low,tuesday,Pomodoro
8.749612179772495,0.4390210501619174,9.84728359119322,8.017828973092277,46.85427555522381,mathematics,high,revision,high,morning,medium,wednesday,Deep Work
5.612118902937294,1.483373888457331,8.193075118965426,4.622950392372825,53.08138644964519,mathematics,high,revision,medium,afternoon,low,friday,Pomodoro
7.220996718486889,1.3663677128909628,8.935503255470044,5.76695510789573,88.90326570414743,data structures,medium,revision,low,morning,low,saturday,Spaced Repetition
8.467676233364815,0.4128425435212064,4.065974971950883,2.2319706706192655,94.0011185108863,mathematics,high,revision,low,morning,low,sunday,Pomodoro
6.159649403614606,1.6762139263565916,6.426289009294146,7.938202393578434,65.32216357304124,algorithms,medium,exam,low,night,low,thursday,Spaced Repetition
7.938873329819307,0.13649941070818317,9.022473944218177,4.934740567215192,94.93082063751484,dbms,high,exam,medium,afternoon,high,sunday,Pomodoro
9.586782428856697,0.27000255484241387,6.9025296515944765,3.429201001529754,72.39056673449161,dbms,high,exam,low,afternoon,high,friday,Pomodoro
2.392049267949126,1.2466651018099815,6.8454238522022175,4.099453588398099,61.09240966805313,data structures,low,concept,high,afternoon,low,sunday,Pomodoro
1.6834006933265988,0.15553068815791415,4.01403634375467,9.709294493863778,40.315229113503094,operating systems,high,concept,high,night,low,friday,Spaced Repetition
8.110122029126705,1.3811204648912812,7.127804004481416,1.7803469067596525,97.49024758023583,dbms,high,concept,low,night,low,saturday,Pomodoro
6.735084218105381,1.9611536003599763,9.420182875816149,6.81998427205447,81.59051268741548,data structures,low,revision,high,afternoon,high,monday,Pomodoro
2.6251781061460018,1.135890461105259,9.49292978552825,1.3055138072721895,81.84521603481039,data structures,high,revision,high,night,low,tuesday,Pomodoro
7.7055809330819836,0.10976522929294985,6.730862110216936,5.701911184640521,78.67279903754934,mathematics,high,exam,low,afternoon,high,friday,Pomodoro
5.772386193714102,0.8820643234963232,6.426912698091105,6.151849834901191,88.23861876405385,operating systems,low,revision,low,morning,medium,monday,Spaced Repetition
8.973799734125684,1.2317263763646091,5.397756848521802,1.2196070340088423,92.2059324340558,mathematics,high,exam,low,morning,medium,wednesday,Pomodoro
1.6302673517272392,0.01897086725699615,4.316103015863371,1.7968906955225634,42.25580639237565,operating systems,low,exam,low,afternoon,medium,monday,Pomodoro
4.027334174455799,1.0450383832690462,8.393630843107871,1.030117258386813,68.03864599225915,mathematics,medium,revision,medium,morning,low,monday,Pomodoro
9.193051918517808,0.09020135444064636,4.656805592074691,4.524671264863205,47.46625343781138,dbms,medium,concept,low,morning,high,thursday,Pomodoro
4.758226982064356,1.7582366151243294,9.668392133748462,5.2066136012488275,76.80468335264246,data structures,high,exam,low,night,medium,friday,Spaced Repetition
8.475782659755621,0.24067752406999188,4.281672142886878,4.456815503421247,42.203916245596815,algorithms,high,revision,low,morning,medium,sunday,Pomodoro
2.9469162073289814,1.0365207333527844,7.583644434582046,5.725283507742414,55.61400207709164,dbms,medium,revision,medium,morning,high,wednesday,Pomodoro
3.019965146529946,0.44763522964524616,7.221846537360482,6.336459413575328,74.80517247026867,algorithms,high,concept,high,night,low,monday,Spaced Repetition
1.399389971799131,1.7043870666940155,4.21253421051127,3.961462288328839,95.89536929913939,dbms,high,revision,high,afternoon,high,friday,Pomodoro
1.4390522350585577,1.0652050388015242,9.7727318355523,1.985219740490085,93.66879585808405,machine learning,low,revision,low,afternoon,low,wednesday,Pomodoro
8.422128693326343,0.6956184158043861,8.068096915354381,6.09158767596212,56.02169621016528,mathematics,high,concept,high,night,low,friday,Spaced Repetition
8.533119955273047,1.3949429233385673,8.080844630561803,6.5675024039366585,85.16299837345846,general,low,exam,low,afternoon,low,wednesday,Spaced Repetition
8.911643322053184,0.010290341509429535,8.9196815044486,3.0576264537243114,94.52207855616207,algorithms,medium,revision,low,morning,high,tuesday,Pomodoro
3.583343198574215,1.2338538367514844,9.88711706816454,6.686321743150016,55.588214863849586,operating systems,low,exam,medium,night,medium,sunday,Spaced Repetition
5.871399208084992,1.9259840077179893,6.051232996232116,6.693597038205533,95.92168633060105,machine learning,medium,revision,high,morning,medium,monday,Spaced Repetition
6.23953414158646,0.6917661139059135,7.725493106604863,1.4116783043126158,92.29220836914257,general,low,exam,high,morning,high,friday,Pomodoro
1.1991119637609753,0.6472204382990825,6.931859142427994,7.933666760270139,80.9977225963903,algorithms,medium,revision,medium,morning,low,wednesday,Spaced Repetition
5.062483218967079,0.32724764238333837,8.768857292499575,7.243140032033398,53.24617676732562,algorithms,high,revision,medium,night,high,wednesday,Deep Work
9.557772060253694,0.30211578356180047,6.594008806255611,9.49254328150839,65.18363901556734,dbms,medium,exam,low,morning,high,wednesday,Pomodoro
4.684006056835387,1.7881984073582688,5.3797276353465175,2.9179423362257495,41.86804497307068,data structures,medium,exam,high,afternoon,low,monday,Pomodoro
1.820480413655725,0.30731607632222535,6.7221618076316965,5.773189543554305,41.071713548699165,machine learning,low,revision,high,afternoon,high,monday,Pomodoro
1.011086516497833,1.196654530244854,7.643838689576027,3.2278596004303766,73.50476035499187,data structures,high,revision,medium,morning,low,tuesday,Pomodoro
8.178031905734693,0.6207239178471475,6.731320894490807,1.1045848591729057,44.34681326767353,algorithms,medium,exam,high,afternoon,high,friday,Pomodoro
7.81353340850101,1.905297276077434,9.44691191790784,7.518567773137707,84.94969834607699,data structures,low,concept,medium,night,medium,saturday,Spaced Repetition
2.893146219269817,0.6920331352896791,8.654828414757736,9.471137538091478,44.34497632878049,data structures,low,concept,low,afternoon,low,friday,Spaced Repetition
1.7072064743951867,0.7938465524031921,4.796294524258363,6.107867634354023,81.36789814823595,algorithms,high,revision,medium,night,low,wednesday,Spaced Repetition
2.1179797005525343,1.7924426053700766,7.5686598242616165,6.5494412367622665,76.77665049193635,data structures,medium,revision,medium,afternoon,high,wednesday,Pomodoro
5.359586028166365,1.3216402365985014,7.31800871555175,6.37728276368737,87.02995320513172,general,high,exam,low,afternoon,medium,wednesday,Spaced Repetition
7.523439038866525,1.1865572966203575,7.901765115240723,5.313510357186585,76.94452131653458,dbms,high,revision,low,morning,high,friday,Pomodoro
6.928369979507885,0.996391432906278,7.332181305625787,7.472816004450374,53.70728447987793,data structures,high,exam,medium,night,high,friday,Deep Work
1.6497856808125826,0.06130500441161213,5.546097331067282,5.163606610653847,92.09635032450282,general,medium,concept,low,afternoon,medium,monday,Spaced Repetition
5.625962810278525,1.1761167561801584,4.176366674539044,4.559636528641137,76.37132281367029,general,medium,revision,high,afternoon,high,wednesday,Pomodoro
3.5546907574778053,0.7183020593324629,6.303082911206777,5.192315263182237,90.15988382687257,data structures,high,revision,medium,night,medium,thursday,Spaced Repetition
4.3556377347004105,1.0252304104116103,6.478187047886182,1.622195075679575,66.2299233290096,mathematics,low,exam,medium,night,low,thursday,Pomodoro
6.3365576629143465,0.32704774517004553,6.3464892199105645,9.724710901017588,55.48800596206765,machine learning,low,exam,low,morning,high,sunday,Pomodoro
3.11206634435396,1.7674193393215052,6.652146242697145,3.9780042669025475,66.92665442988418,operating systems,medium,concept,low,morning,high,thursday,Pomodoro
7.360994951969012,0.3340838158018997,5.005715297729906,1.3300428424018866,84.18412090393844,machine learning,low,concept,low,night,high,saturday,Pomodoro
2.8525708903309144,0.22383923879545575,5.618497669101938,1.5137817048038338,71.87017168006193,operating systems,medium,concept,low,night,high,saturday,Pomodoro
2.6200939372545116,0.17711116844648278,4.619853742744094,6.262036303983298,81.29247195199574,operating systems,low,revision,high,night,medium,tuesday,Spaced Repetition
3.908175913632507,1.9461954961406929,7.480673378172808,3.2880212190774394,71.3038027981728,general,medium,exam,medium,morning,medium,tuesday,Pomodoro
7.5960902650720765,0.3247637893246418,5.130094502593609,7.577465273837888,49.36983068753044,mathematics,low,exam,medium,night,medium,monday,Spaced Repetition
8.543037606832993,1.8892284389480465,8.099488169737874,5.474572876075846,77.07083441207283,general,low,exam,low,afternoon,low,monday,Spaced Repetition
2.9410763715794546,1.3177709404653144,6.363186433924951,6.861096793373429,46.39558181847944,operating systems,medium,revision,medium,night,low,monday,Spaced Repetition
4.662171646505835,1.7415069006745183,8.69431290434964,6.10314634888001,84.30695255507959,operating systems,medium,concept,medium,afternoon,medium,wednesday,Spaced Repetition
8.270613477471327,1.5245702695532315,8.786881893151808,4.920249833316397,89.0700529705013,mathematics,medium,exam,low,morning,high,monday,Pomodoro
4.298153813842581,0.7923453832185108,8.172803240139173,4.4970229114331115,66.92161735735183,data structures,low,exam,medium,afternoon,high,wednesday,Pomodoro
2.5159994662844767,1.2851519378943792,8.556065967537196,5.504007782176673,72.5418198987843,algorithms,medium,concept,low,afternoon,low,thursday,Spaced Repetition
2.3409267037317525,1.0532475945379192,5.4764179527879895,5.290259275370433,63.66191942910101,general,medium,revision,medium,night,high,friday,Pomodoro
8.401540769353524,0.8617241830760667,9.380285739040733,1.641522430496475,97.27960180199844,operating systems,high,exam,high,morning,low,saturday,Pomodoro
2.7510249086677088,0.3326632154862843,7.704110544477845,5.707762521236062,80.2057620766565,machine learning,high,exam,medium,afternoon,medium,tuesday,Spaced Repetition
3.453616006601804,0.827098203050703,4.7313165600216855,2.630344145812123,80.86707123789897,algorithms,high,concept,high,night,high,monday,Pomodoro
6.105809976660132,0.5131255674027275,9.777561251425478,5.351910820479323,88.35955298650948,data structures,low,revision,high,night,low,sunday,Spaced Repetition
6.741866852139679,1.0303503406674632,7.561231414738883,8.143694653424646,78.7963548053716,algorithms,low,concept,medium,morning,medium,wednesday,Spaced Repetition
8.024729637194756,0.5496120710962722,8.935685911082071,4.813644282838865,80.05299395748823,algorithms,high,revision,low,night,medium,friday,Pomodoro
2.5121278697037708,1.4737474898883642,9.176782465259372,2.9506582008169806,45.7428733312097,machine learning,high,exam,high,night,medium,monday,Pomodoro
4.518153963149632,1.188952670372346,6.980601153155016,9.890069681933985,48.18638515340399,machine learning,medium,exam,medium,afternoon,low,sunday,Spaced Repetition
7.520651662587563,0.03164218353116488,6.046540146845324,8.368363514073096,76.19316461280233,mathematics,medium,exam,low,afternoon,low,monday,Spaced Repetition
6.36175655370061,0.8023758280779654,6.201736475228804,4.092044272981336,77.0293470037388,machine learning,low,revision,low,night,low,saturday,Pomodoro
6.335307924880804,1.3602638622069028,5.384975134924073,5.111727803923317,51.41949176914407,algorithms,high,revision,medium,morning,high,tuesday,Pomodoro
5.01717116077878,0.6671390989444008,7.482850040300048,1.7989065469699161,97.6999441572888,machine learning,high,exam,low,night,medium,saturday,Pomodoro
4.804202020565706,1.6436128878021736,4.007420078556457,3.707677975179296,98.87418246065823,dbms,medium,concept,high,night,medium,friday,Pomodoro
7.634622025065188,1.5371996095770168,5.4619402963832,7.044025992517335,45.575748662763395,mathematics,medium,exam,low,morning,medium,thursday,Spaced Repetition
7.378702279686788,0.07232076104952423,5.818770135671972,3.368013129197586,61.60818444829114,machine learning,medium,exam,low,morning,low,wednesday,Pomodoro
8.427574974096071,0.5594070769429584,9.654322114613398,8.86002995551463,49.70585268112657,mathematics,high,exam,medium,morning,medium,thursday,Deep Work
9.375356931795245,0.23273279577095218,8.904698250947149,4.4256096412892205,92.67845922670418,mathematics,medium,revision,high,night,medium,monday,Pomodoro
3.902751800617737,0.045787649952240494,4.922746898008187,3.0125299104668013,97.43937327367523,algorithms,medium,concept,medium,morning,low,saturday,Pomodoro
3.823549220746864,1.2127418888667512,4.835188147705179,9.084354645634354,89.75994430847703,operating systems,high,exam,low,afternoon,low,friday,Spaced Repetition
4.307809800623783,0.13634461877098714,4.154871441696922,2.2164966023934047,97.78690669535044,operating systems,low,exam,medium,afternoon,low,thursday,Pomodoro
8.663037737961389,0.0006650122409788128,4.106126857679543,6.4229784745857845,61.887893148671765,general,high,concept,high,afternoon,medium,monday,Spaced Repetition
1.523474159549282,1.9897326343395343,4.346683365978199,7.255317059726979,99.02073551580482,dbms,low,exam,low,morning,medium,saturday,Spaced Repetition
1.9094122990958202,1.3843226833882638,4.373750788780376,5.584799153348108,99.8018112311786,data structures,low,exam,low,afternoon,high,tuesday,Pomodoro
2.1763933906617954,1.7732084304809335,6.698707892927935,2.7516026063868857,62.06556105263738,operating systems,medium,revision,high,morning,low,saturday,Pomodoro
9.674400479341159,0.49716051542988415,4.802822417676932,4.767225594615418,87.42026415160888,machine learning,medium,exam,medium,night,low,monday,Pomodoro
3.911503554203264,1.668606731909535,7.775792836064417,2.789706499977663,43.87700079064517,operating systems,low,exam,low,night,high,friday,Pomodoro
8.599213744656543,0.19616516156848918,6.929446822130669,2.3504379822458583,59.480555613403595,operating systems,medium,exam,low,morning,low,saturday,Pomodoro
4.531543493756271,1.9124443812978966,4.798870025068582,1.9193457669178429,79.52152877244662,data structures,low,revision,low,morning,medium,tuesday,Pomodoro
1.345837140660925,1.803523984270847,6.768864787748405,6.7348132912745236,79.56123533234697,dbms,medium,concept,high,morning,high,friday,Pomodoro
2.3515210073533748,1.4748675374429712,7.073331524876047,7.12205001287518,42.50037403614306,data structures,high,exam,low,morning,high,wednesday,Deep Work
1.108976277113987,1.9130027965989602,8.425050156754041,4.179262676518578,57.792134877259315,dbms,high,exam,high,night,high,wednesday,Pomodoro
4.709178372364944,1.099232087437849,8.98320673842904,1.6184154926644099,65.45781315309328,general,low,exam,low,morning,medium,sunday,Pomodoro
2.851185359759996,0.24277283631881286,7.6900778082332,7.971704025740092,78.63425521246785,algorithms,high,revision,high,afternoon,medium,friday,Deep Work
2.127102133895444,0.9486722198124278,4.683739808285903,5.374139526797859,95.21783087316447,operating systems,medium,exam,medium,night,low,tuesday,Spaced Repetition
3.0215405065946674,0.7443340476750266,6.592461297665176,4.95464490725007,76.77637494967152,mathematics,medium,concept,high,afternoon,low,friday,Pomodoro
3.573161103152441,1.6318938779372345,9.168219978180616,8.618629048212503,95.13559201837327,algorithms,low,concept,medium,morning,medium,saturday,Spaced Repetition
7.5564160944545185,1.5528948929994493,7.936971026086429,2.596858925227362,72.70161513381629,dbms,low,revision,low,morning,medium,tuesday,Pomodoro
2.1855589610910573,1.451959819970591,8.90671197914167,2.9216022967960473,70.35116157710974,operating systems,low,revision,high,morning,low,monday,Pomodoro
5.57524492224652,0.5950969026376411,7.390131957154097,7.199967718450816,92.39937495164847,general,low,concept,high,afternoon,medium,monday,Spaced Repetition
7.67540855361637,1.7629015593500428,5.667412583493207,2.745584805409974,92.78898915651632,algorithms,high,concept,medium,morning,medium,sunday,Pomodoro
6.534804163070191,1.3757682197598302,6.251559426655998,5.848261006087352,71.44955024356973,algorithms,medium,revision,medium,morning,medium,saturday,Spaced Repetition
7.745909360219994,1.5173527802220097,8.070272937130852,7.806381921023073,90.51822228980252,mathematics,high,concept,medium,night,low,thursday,Deep Work
7.498638443824634,1.772391560930149,7.558266005120705,4.523731283600464,64.75731045091743,general,low,revision,medium,afternoon,low,friday,Pomodoro
1.8369157584081894,1.176404533896781,6.885837339316742,6.780929733147047,43.8912156689781,algorithms,high,revision,medium,afternoon,medium,wednesday,Spaced Repetition
3.428386481153929,1.6500988203601241,6.989534093580722,1.6935245122089806,43.51305575463875,machine learning,medium,revision,medium,morning,high,thursday,Pomodoro
5.655421507974484,0.8803979959109811,4.884715160237704,3.953734782483804,66.04116197043251,algorithms,high,concept,high,night,high,wednesday,Pomodoro
7.602542470380812,0.5988870209837733,5.040880445595743,6.737979380232067,69.76998304679317,general,high,exam,medium,night,medium,thursday,Spaced Repetition
4.4544965673973955,1.143744542454373,7.5266161651731895,2.6602862782027543,61.734126499137304,algorithms,high,concept,high,morning,medium,saturday,Pomodoro
6.278311829698363,1.3953412550401503,9.577701537254105,8.043237458662041,43.3681662049726,dbms,medium,revision,high,morning,low,friday,Spaced Repetition
5.328154006777627,0.8703607985107136,9.624119765295188,7.354171068976221,77.87023875740238,mathematics,high,exam,medium,night,low,monday,Deep Work
1.0632628343225723,0.11456050215524671,5.3513422136109385,2.18214467330416,63.93016178222376,operating systems,low,concept,medium,afternoon,medium,saturday,Pomodoro
3.355351153623154,0.49395759814399964,9.437527483126221,3.245915798645555,56.316983567717855,mathematics,high,revision,low,morning,medium,thursday,Pomodoro
2.4074362396310316,1.706179246807301,4.279003518640393,6.577294961794741,73.7195708480084,machine learning,medium,concept,high,night,medium,sunday,Spaced Repetition
3.1310587838024686,1.4648974636761796,7.289923502358546,2.1518938768022773,92.9281368569236,machine learning,medium,revision,medium,morning,low,tuesday,Pomodoro
9.815957563435813,0.2899301447596341,8.350934365306689,2.720716313183101,60.2957863199409,dbms,low,concept,low,morning,low,monday,Pomodoro
2.361221458614411,0.4506338599024702,5.505799968041788,8.65554452057024,73.6733672969515,data structures,low,concept,medium,afternoon,high,monday,Pomodoro
8.125299896080165,1.0976773134401174,7.677400965171695,3.035323464309467,90.81512368531358,algorithms,low,concept,medium,afternoon,low,tuesday,Pomodoro
1.8780625921536975,1.7239738168085446,6.760973586930638,7.743553414261988,57.4352535883813,general,medium,exam,medium,night,high,sunday,Pomodoro
5.475303372832194,0.6795549431237702,9.23281420013486,5.903629831760641,85.50550107214667,operating systems,medium,exam,low,night,medium,thursday,Spaced Repetition
8.835205825414063,0.47759242276307856,6.707436065085929,9.864906905267876,86.32074857859942,general,medium,concept,medium,night,low,tuesday,Spaced Repetition
5.480312572308612,0.21094739991326117,7.940680628345764,8.39892844540203,62.825200450453735,dbms,low,exam,high,afternoon,low,thursday,Spaced Repetition
3.4879752152505645,0.6246982037710271,7.856047946034542,2.76256731328227,93.81747582541206,algorithms,medium,revision,medium,night,high,friday,Pomodoro
9.155289292891897,0.5538089747556179,9.901128836291331,2.266403752438826,52.1209401041494,machine learning,high,concept,medium,afternoon,medium,saturday,Pomodoro
8.711865424675846,0.2352879763186504,8.438381992513243,3.8770014919649025,99.3049593647246,machine learning,high,concept,low,afternoon,low,tuesday,Pomodoro
2.493594057662065,1.763855516609288,6.564938127523691,2.460100652042314,40.75645119854554,data structures,high,concept,low,afternoon,medium,saturday,Pomodoro
4.411244135971876,1.9469147799523463,6.021043011166619,3.6684080315498373,95.09247997736651,mathematics,high,concept,high,afternoon,high,thursday,Pomodoro
5.133386774558925,0.7155965306508836,6.965274683501799,8.454243271934965,60.11248284225236,algorithms,low,revision,medium,morning,low,wednesday,Spaced Repetition
2.277747907848945,0.6958828231643333,6.702105873432476,7.739437032669758,79.06885509290045,mathematics,low,concept,high,afternoon,high,wednesday,Pomodoro
6.707279244661631,0.25252948312900547,8.057065372452604,3.925936138885291,81.17963180116584,operating systems,high,exam,medium,morning,low,sunday,Pomodoro
3.5134847960896938,1.2857638201174153,8.164903441058986,5.613892778305477,58.31864060180388,general,low,exam,low,morning,low,saturday,Spaced Repetition
7.833238597547585,1.8072156886935902,5.3965788826077326,8.266564273059561,43.545633404695195,general,medium,exam,low,afternoon,high,wednesday,Pomodoro
6.04396567882396,0.22197893842696215,6.682333262838553,5.143224440817336,91.87381657136021,mathematics,high,exam,medium,night,medium,wednesday,Spaced Repetition
4.802935854807501,0.08404935034281058,8.439424724601583,9.262688969792356,56.80223977302937,data structures,high,revision,high,night,medium,wednesday,Deep Work
8.244160991572947,0.036013111200909,9.776862142444156,7.540038928632909,58.285065723168,general,low,exam,high,afternoon,medium,friday,Spaced Repetition
5.866286289804193,0.19306894039088163,5.451362969553034,1.111636326495833,68.12607792787034,data structures,medium,exam,low,night,low,wednesday,Pomodoro
7.572215323811313,1.1976165927669828,4.386947627495005,8.895155114459804,92.63570576957076,machine learning,medium,revision,low,night,high,sunday,Pomodoro
5.781848685112532,1.676304367103849,5.711742030143899,4.862643340567212,56.06660052930005,mathematics,medium,concept,high,morning,low,thursday,Pomodoro
2.982027712395836,0.9767492579658774,8.425394494556961,5.727157817681442,41.95874065274012,dbms,low,revision,low,morning,high,sunday,Pomodoro
1.7398635734060348,1.8213531588702792,6.786599417353257,2.2377139733531384,60.448941987390796,operating systems,low,revision,low,night,medium,thursday,Pomodoro
8.099220375148235,1.2792111223553637,8.058558174030352,2.1852409462483466,54.051066808929136,operating systems,low,exam,medium,afternoon,medium,wednesday,Pomodoro
7.692345245589038,1.0125321189904055,7.804624188257987,1.638389945203961,55.26349485051082,data structures,low,revision,medium,night,high,thursday,Pomodoro
5.226775972126381,0.9009306033156366,6.837828076573061,6.602677261567707,68.18462577944103,machine learning,low,concept,low,afternoon,low,saturday,Spaced Repetition
1.4454716814429995,1.666634142946025,9.063547675670344,3.5641721937786475,67.77111730095103,machine learning,low,revision,medium,night,medium,saturday,Pomodoro
3.50039865503561,1.6333643509014362,5.707373810577385,8.36386001873423,71.89596787626584,dbms,high,exam,low,night,low,wednesday,Spaced Repetition
1.403682112212118,0.901194037966268,9.576560166838684,2.4868354540406514,63.39234117649265,dbms,low,concept,low,morning,low,friday,Pomodoro
7.465863068368617,1.908066255170081,8.32836070663773,8.765924526211712,40.12623059055301,mathematics,low,exam,high,morning,high,thursday,Pomodoro
7.179309221433461,0.22897527613181023,6.303033298269877,5.106128580599878,62.14318130565499,dbms,high,concept,low,afternoon,high,sunday,Pomodoro
7.7486568799281965,0.8253506521667933,7.876577050030378,6.818050811121463,93.28234386160707,machine learning,medium,revision,medium,night,medium,monday,Spaced Repetition
6.513161215103373,1.74739718693269,8.343838332796562,2.085025747633212,94.14719843715051,mathematics,high,revision,medium,morning,low,saturday,Pomodoro
5.79243429493432,0.8977061433494165,4.506354283267254,4.594318735552219,94.60807820692806,mathematics,low,exam,high,morning,high,monday,Pomodoro
1.6064609930697027,0.7747851713373186,9.111047421243686,4.635080777531114,44.656878683886454,data structures,low,revision,medium,afternoon,medium,wednesday,Pomodoro
5.0511102506373895,1.1585327076410536,8.556106154515678,1.8898625587657185,93.37912198105398,algorithms,high,concept,medium,morning,high,tuesday,Pomodoro
2.501741815288775,0.8610586769244151,4.855564864491452,9.010873316654274,60.75264764427145,operating systems,high,concept,medium,afternoon,high,wednesday,Pomodoro
4.4728705260560435,1.583440518522693,7.575933053100891,1.9113392315364304,90.82836938162711,algorithms,medium,concept,high,morning,low,tuesday,Pomodoro
5.37030729693458,0.055073439738930974,7.0327307074627,9.67615666405932,63.05240277914801,dbms,medium,revision,high,night,medium,wednesday,Spaced Repetition
1.2101688669536732,1.5124272279003537,6.751138053291344,3.603202947753891,94.00499098098885,machine learning,low,revision,low,night,high,saturday,Pomodoro
6.426485888315154,1.653414719482975,9.904078979262785,3.5956489403687115,97.66812912445558,operating systems,low,concept,medium,morning,low,monday,Pomodoro
5.983403368222101,1.083409624820008,8.571410875629219,8.50284965743827,66.42648101874545,algorithms,medium,concept,high,afternoon,low,friday,Spaced Repetition
4.08203180951242,0.5404953842615665,9.798504315198445,6.019379436250396,60.83662234183045,operating systems,high,concept,high,morning,high,tuesday,Pomodoro
5.400080486132063,0.8035576013086485,9.963090333398188,8.922832859340343,77.40435748956641,data structures,medium,exam,low,night,low,thursday,Spaced Repetition
8.673020037113982,1.4217694333646382,9.441656853009004,2.191351411314752,75.58087002163586,algorithms,high,revision,low,night,medium,friday,Pomodoro
7.712740347643108,1.098644958806348,4.346446311215042,7.12680303664437,68.00692463387128,algorithms,medium,concept,high,night,medium,thursday,Spaced Repetition
5.35066692375832,1.7270950450290903,7.5323891327879196,4.377969171276417,57.147013331552216,data structures,medium,exam,high,night,high,monday,Pomodoro
4.26041278388732,1.4514329264398982,9.366715340945394,5.103813481839432,66.60735018291425,general,high,exam,high,morning,high,sunday,Pomodoro
1.9833778927865926,1.7079239339108443,6.63489889980249,8.622719687863544,93.5854123117249,dbms,high,revision,high,night,low,friday,Spaced Repetition
9.743797381515298,0.4414909769055635,8.404178575535838,7.863367552247578,95.75544388043376,mathematics,high,exam,medium,afternoon,medium,saturday,Deep Work
6.800232494089303,1.639595609969455,6.0004439329546635,7.59746070873994,71.71468658333183,mathematics,high,exam,high,afternoon,medium,monday,Spaced Repetition
1.808309388544966,0.004635095809627732,4.264971617066988,4.076041642630855,77.97437984070605,general,low,concept,low,morning,high,monday,Pomodoro
8.613292957099588,1.2272082284749168,4.531628283818074,5.388650287004898,44.6589600802963,operating systems,medium,exam,medium,night,high,wednesday,Pomodoro
6.68880846555618,1.1540813289238216,8.186537656440578,1.0547987341585516,46.05647199865129,mathematics,medium,concept,high,afternoon,medium,thursday,Pomodoro
7.363778295400284,0.10045202292794753,4.437411012207421,4.625859543693734,57.717429642876596,operating systems,medium,exam,high,night,medium,saturday,Pomodoro
3.395512112639837,0.044053842447633995,7.4995449547366935,8.580076717095531,72.93882696649851,mathematics,low,concept,low,night,low,wednesday,Spaced Repetition
6.830357013914755,0.24584135693077513,9.331954481592392,5.527755557018527,66.96098452237852,algorithms,medium,revision,medium,afternoon,medium,thursday,Spaced Repetition
3.7287465351494147,0.579940237887218,7.379733585722889,2.0795832372150094,95.00750144214011,algorithms,high,exam,medium,afternoon,medium,tuesday,Pomodoro
7.495493974454614,0.5430940948224847,6.414679824602014,1.9247342720718104,51.3423714836519,machine learning,medium,revision,medium,afternoon,low,sunday,Pomodoro
6.249398660317409,0.9339359999272214,6.042224477834576,9.464036551625552,44.96292769146121,operating systems,high,concept,low,night,high,monday,Pomodoro
8.584407119444993,0.6266958351702863,8.733594830656044,9.026849303296613,66.02904517459177,data structures,medium,exam,low,morning,medium,sunday,Spaced Repetition
5.444326364112358,0.7752976109112941,7.796271272491605,7.334713824708981,40.261796179018546,general,low,concept,high,morning,low,monday,Spaced Repetition
3.505954674253911,0.2592013023908839,8.056649388486466,9.495840748268886,56.13808189572316,operating systems,high,exam,low,afternoon,low,friday,Deep Work
5.487137195551382,0.7702402398050001,9.194920991334131,5.283709579104903,46.65865147510888,mathematics,high,concept,high,morning,low,tuesday,Spaced Repetition
5.968624281880401,0.8315950013749003,8.317922899663182,4.340454533071677,92.18579060090265,mathematics,medium,concept,low,night,low,friday,Pomodoro
3.6577132981464953,0.2732018073023452,7.909838562863659,7.647377123190976,58.937640625800995,operating systems,low,revision,medium,morning,low,thursday,Spaced Repetition
1.3870625668024554,1.3337333211018434,8.939856578924307,8.038138014396704,72.62834367197425,general,low,revision,medium,morning,low,saturday,Spaced Repetition
4.0361099209218345,0.03865526183520207,4.746210394003061,4.722784074267717,69.5718750668468,general,medium,concept,medium,morning,high,monday,Pomodoro
9.671493167988295,1.0380645602590974,8.06525360475372,3.8067747212519487,86.43948268916574,general,low,revision,high,afternoon,low,tuesday,Pomodoro
7.931423905813864,1.614311074729765,4.721243374723457,3.390245496627455,41.05314180199773,machine learning,low,concept,high,afternoon,high,thursday,Pomodoro
6.7767396296981985,1.1412992477618698,7.408555074027204,6.967066115275983,72.90292217173923,operating systems,high,exam,low,night,low,sunday,Spaced Repetition
8.023385112138824,0.915991518007143,6.388031757727017,3.7262415594987335,43.941691537261946,data structures,low,revision,medium,morning,high,thursday,Pomodoro
5.26428845558152,0.11568889889432121,9.746738805929223,9.48451887184701,87.1113725889045,operating systems,medium,exam,high,afternoon,low,monday,Spaced Repetition
3.0284314120608924,0.39166616826854006,4.844817693356056,6.60172277409397,86.8793113448383,machine learning,high,exam,low,morning,high,sunday,Pomodoro
7.067172659824567,0.5198099584856657,6.0711532509652635,9.257372588187913,57.43027034028522,operating systems,low,exam,high,morning,medium,tuesday,Spaced Repetition
7.210869024140591,1.861213609693074,6.9838746770138345,3.072258286394632,42.673829406920746,data structures,medium,revision,high,afternoon,high,friday,Pomodoro
9.541640766833595,1.9246204059755685,7.725451541306248,9.357942583133946,85.65126067086973,mathematics,medium,revision,low,night,medium,wednesday,Spaced Repetition
2.4917480183814034,0.8910832774837818,5.255112792447567,1.4498112579371085,90.61897984310943,dbms,low,revision,high,night,medium,monday,Pomodoro
2.7723313400808554,1.9028596207236645,9.968915763795707,7.405505251714438,98.86862390750932,data structures,high,concept,low,afternoon,high,sunday,Deep Work
1.6577340582431348,1.2446865292344922,9.887067020573767,2.7109688480535485,87.555706977303,dbms,low,revision,low,night,high,friday,Pomodoro
9.576071163980448,1.9341053628520697,6.356762654856061,8.687997157067812,86.38534250184797,operating systems,high,revision,low,night,high,monday,Pomodoro
2.464297694277093,1.1301706249055126,8.629761465871645,5.490060980823477,40.72618700656645,algorithms,low,revision,high,night,low,tuesday,Spaced Repetition
3.8950299069359375,1.696084179202968,8.37316865361968,1.8585934958188957,65.72212125918603,data structures,low,exam,low,morning,medium,thursday,Pomodoro
3.5999644501824912,0.7956732510043139,9.517186147936298,9.939295138806676,42.69467793973695,machine learning,high,concept,high,morning,medium,wednesday,Deep Work
1.5193263557430896,0.8887306984830288,5.6532876353169,6.598356061338944,99.54653736248673,machine learning,low,exam,medium,morning,medium,monday,Spaced Repetition
2.7243365116134317,1.8364781733508742,4.610822097697222,5.5536211696143845,53.251166977780535,data structures,low,revision,low,morning,medium,tuesday,Spaced Repetition
7.115949344205175,0.44978043363182496,6.588283892644448,7.47243907250112,73.79947852198279,machine learning,high,revision,high,night,low,thursday,Spaced Repetition
4.8709258887682,1.8075151435502843,9.075097302759806,4.6084758622574205,85.7865018160785,general,medium,exam,medium,morning,low,monday,Pomodoro
3.6612520663744377,1.187604961619231,4.19685774477165,6.724382219019715,61.86125430569392,algorithms,high,exam,low,morning,high,sunday,Pomodoro
8.297907229071265,1.671651855821032,5.993146198693628,7.242562517264157,86.2673689511132,algorithms,high,revision,low,morning,high,friday,Pomodoro
3.542251837330033,0.8504563708753878,4.2254265423934445,2.150801211001758,85.93280503095164,data structures,low,concept,medium,afternoon,low,monday,Pomodoro
9.757703466750996,0.45225066249934387,5.825192317817685,3.735482610295246,53.824999727040996,dbms,medium,exam,medium,night,high,thursday,Pomodoro
7.677066942628436,1.6968507581810495,6.535775182081655,3.726378150763863,59.517708041381866,data structures,high,exam,medium,morning,medium,wednesday,Pomodoro
9.995895268471848,0.811502337230122,5.322930608134638,7.862345960279977,72.54826020775937,data structures,high,exam,high,afternoon,medium,wednesday,Spaced Repetition
3.4211768211847944,1.035192602631044,5.6130804547170605,6.65590642677099,68.91204875647699,data structures,high,concept,high,morning,low,saturday,Spaced Repetition
8.026586678808108,1.4169793949855947,5.032535375771556,9.75177999136093,66.92881874479636,algorithms,high,exam,high,afternoon,low,sunday,Spaced Repetition
7.251358845279569,1.4579621233116329,9.170145422724072,3.4666443040797192,88.42425423200217,machine learning,low,concept,medium,afternoon,low,wednesday,Pomodoro
2.069869520593648,1.5294382829525583,8.026331703159487,4.9179179930971255,72.95858628880623,data structures,high,revision,high,afternoon,low,wednesday,Pomodoro
8.039541367821215,0.24876566248264864,8.785284163223196,6.5432072410904905,90.59668545618413,general,high,concept,high,afternoon,low,monday,Spaced Repetition
9.703317477305315,0.1033374433159222,7.028773589827169,7.466085525902951,91.75842826895074,machine learning,medium,exam,high,night,high,tuesday,Pomodoro
8.279109861071845,1.3543048249153473,7.750175116511235,3.8489469874108297,88.98464709790184,data structures,low,exam,medium,night,high,tuesday,Pomodoro
8.495473391094439,1.812174120962521,4.072940628864321,7.066179271529134,43.11014794718374,data structures,medium,concept,high,morning,high,thursday,Pomodoro
6.591632041446491,0.6680999313375384,8.396194303541682,4.640746470164827,44.101192018597516,dbms,low,revision,medium,morning,high,saturday,Pomodoro
3.992105414338408,0.11317131229343125,6.243526282076882,9.50003724424873,78.50406383791349,mathematics,high,exam,high,afternoon,high,wednesday,Pomodoro
8.067419303644137,1.2022053912486566,9.942170691990231,3.9272851533209674,96.4763468945111,data structures,low,revision,medium,morning,medium,monday,Pomodoro
1.928092261672682,1.095569388766639,9.873745042246625,5.999458816952742,51.38891817832936,operating systems,low,concept,high,morning,high,wednesday,Pomodoro
6.449344022929642,1.0335798782563164,8.440968212568778,6.676304240429065,72.9763761118454,mathematics,medium,revision,high,night,high,wednesday,Pomodoro
1.680252524686603,1.902846441691132,5.783744741844002,1.828602874742279,75.9426752290229,operating systems,high,exam,medium,afternoon,low,tuesday,Pomodoro
7.334130798914569,0.7465196289255178,7.381959826172573,5.056178274450218,80.32336232513521,mathematics,low,exam,high,afternoon,low,thursday,Spaced Repetition
9.52060356031056,0.21181160880751526,4.928971675586319,9.502626329047716,84.19211370008756,machine learning,high,revision,medium,afternoon,low,friday,Spaced Repetition
4.673365217800283,0.030789783382616953,7.497556340825579,3.2779138526164786,67.01525476857341,data structures,medium,concept,low,afternoon,medium,saturday,Pomodoro
9.793062589950491,0.20378620174587359,4.049919653363152,4.902245133693529,45.55752898308203,dbms,low,exam,low,night,high,thursday,Pomodoro
4.909629871059488,1.446895635700002,4.054324969482225,6.305085905362275,76.79750109324274,data structures,low,revision,medium,morning,high,monday,Pomodoro
8.365326098332035,0.10003715364222443,9.469127759951899,1.2655364963068534,61.35826194930366,mathematics,low,exam,medium,night,low,tuesday,Pomodoro
7.594601273075487,1.2134634494348728,8.037230011588479,1.7303426068261523,97.08944261060724,algorithms,medium,revision,high,night,high,sunday,Pomodoro
5.898285695023279,0.4005640357352518,7.700701647115247,7.685933443011451,84.27504360124152,mathematics,high,revision,medium,morning,low,friday,Deep Work
6.260040187816834,1.0766638865114269,5.613121086293161,4.31604027924921,93.72076534919016,data structures,medium,exam,low,afternoon,low,tuesday,Pomodoro
3.2354524786888677,1.4109216605669725,6.565608002220024,4.98290963333271,78.9593394746129,machine learning,high,revision,medium,night,medium,wednesday,Pomodoro
6.389608600714951,0.40219745488533487,7.541395954905356,4.668695721816902,68.17153252263176,operating systems,high,concept,high,night,medium,saturday,Pomodoro
6.896563430719042,0.5204731959704587,4.95695357524815,2.444163528441038,44.22951673858868,algorithms,low,revision,high,night,low,sunday,Pomodoro
7.166208788870357,0.22086372682220534,5.7351246777756995,3.7882618779022206,54.997416783857275,algorithms,high,concept,low,morning,high,tuesday,Pomodoro
8.457000381154732,1.5785856966393712,5.846774990084474,9.224095994859333,97.16890102015037,operating systems,medium,revision,low,afternoon,medium,sunday,Spaced Repetition
3.08605231260415,0.6372179255272143,9.421350660595182,1.6987669838990316,89.73227657517752,general,medium,concept,medium,morning,medium,sunday,Pomodoro
8.541175373666231,1.7175285586989444,8.490135121994438,4.9528954112474555,76.63280530092547,machine learning,high,concept,high,morning,medium,thursday,Pomodoro
3.066383446785718,0.23510260030043995,4.991706940857744,1.0179292169716323,83.12437707121182,mathematics,medium,revision,medium,afternoon,low,saturday,Pomodoro
1.172160697935583,0.3314963539304414,9.34513320989888,3.173831575315136,61.25627963303294,operating systems,high,revision,low,afternoon,high,saturday,Pomodoro
2.5023796373575133,0.4874589650486836,5.6056047931702455,4.021064497351537,84.96342716806954,dbms,low,concept,high,morning,medium,monday,Pomodoro
5.868145034542727,1.3928596140722145,8.212876577090977,2.5452451693490463,70.00676512459762,dbms,low,revision,low,afternoon,low,sunday,Pomodoro
2.0385517796102564,1.211275778646823,4.7032234340814005,4.034859180091768,48.57051788885991,algorithms,low,exam,low,morning,medium,monday,Pomodoro
7.110079525700565,1.5459734426111735,9.708652172354086,7.988403723859163,76.68019613299882,dbms,low,exam,low,night,high,friday,Pomodoro
6.655838109531284,1.3772632586157512,5.519634301136291,1.0898089899260444,83.40661974129472,data structures,low,concept,medium,morning,high,thursday,Pomodoro
4.002655562531791,1.58311640518274,6.707764678175529,2.6509797676309104,91.29844117368846,machine learning,high,exam,high,morning,medium,saturday,Pomodoro
6.8299680965530785,0.031016661253184363,5.6852917911174625,2.8716072336045095,42.5191257345753,mathematics,high,concept,high,morning,low,friday,Pomodoro
5.054307143235358,1.026736420449831,9.935306523746501,3.0839359236854396,96.55275638061431,algorithms,low,exam,high,night,medium,saturday,Pomodoro
4.352799463835957,0.13742735544792195,6.217445196560639,5.178146677653024,83.36426513432828,algorithms,high,exam,high,afternoon,high,tuesday,Pomodoro
6.955158595598708,0.9679787363594943,4.031880854010076,8.240451781886401,86.36857439742025,general,low,concept,medium,afternoon,low,friday,Spaced Repetition
4.151826919816573,1.3549468296469458,8.551011285498344,1.1316543298990815,52.434537986132696,operating systems,low,exam,high,morning,high,thursday,Pomodoro
4.516796370966734,0.31735774737936984,5.54938611799696,6.448705817568285,65.98978667890998,algorithms,medium,concept,low,afternoon,medium,tuesday,Spaced Repetition
3.76214061875113,0.8299424308001564,8.276666057300986,4.475907935353276,75.31029610953934,data structures,low,exam,medium,afternoon,medium,thursday,Pomodoro
7.519099656965857,1.491506758152252,7.347564670904204,6.262012811492423,48.01903488463108,dbms,medium,exam,medium,afternoon,low,saturday,Spaced Repetition
7.231230302149523,0.5281239693874376,9.63441087670175,6.7273685338003695,59.470708010520525,machine learning,low,revision,medium,morning,high,thursday,Pomodoro
8.413906562192107,0.12628058585478263,8.660742900443363,8.394831396655942,67.6913756553164,general,medium,revision,low,morning,low,friday,Spaced Repetition
3.3361880434754427,0.06735280774892805,9.275114635607487,3.190570148966774,73.44023017438047,mathematics,medium,revision,low,afternoon,high,sunday,Pomodoro
9.108648061214211,1.9923153469975576,8.952493984743688,8.60384212979706,54.940524166545394,mathematics,low,revision,high,night,low,sunday,Spaced Repetition
8.212131926864277,1.3485176840129982,4.034311488164736,5.192431779008122,74.26973791734166,machine learning,low,concept,high,night,high,friday,Pomodoro
8.053644259677128,1.1323613824501417,5.876667935262124,6.889078049434477,53.92109081852864,mathematics,high,revision,medium,morning,high,sunday,Pomodoro
5.604721461055694,0.010692321708728914,9.630482463148864,4.733336074500524,64.14009731423997,dbms,low,concept,low,night,high,wednesday,Pomodoro
7.085128578294612,0.2768709866587886,7.473041008213555,6.125360357550284,92.10464727648292,dbms,medium,revision,high,morning,high,wednesday,Pomodoro
5.223567045932113,0.8861187246608422,6.964886023827296,8.749407695529808,67.6700140752346,mathematics,low,revision,high,night,low,tuesday,Spaced Repetition
4.261881903542462,1.727282842593232,4.660379705206691,9.32542457808713,77.8986109049735,general,low,exam,high,morning,low,saturday,Spaced Repetition
3.4775939210667417,0.31241313737324394,7.815641960960265,6.393719045254939,50.761360617354455,operating systems,medium,revision,medium,night,low,friday,Spaced Repetition
9.5386995563474,0.12120981542981957,8.112372060676034,1.2246959990805144,50.286050602632564,general,medium,revision,medium,night,medium,saturday,Pomodoro
8.934540758901978,1.1689995910615805,9.002751705512964,6.783198492912707,44.713469855423625,dbms,high,revision,low,afternoon,medium,monday,Spaced Repetition
6.461622599861252,1.7619460112793148,9.297488899112333,6.931408691190091,52.67390988837586,machine learning,high,exam,high,morning,high,sunday,Pomodoro
2.126985035651483,0.401105955690533,5.297362054766678,7.220906284478863,76.182373303197,data structures,high,exam,low,afternoon,medium,thursday,Spaced Repetition
4.127563741826629,0.8707872923514712,6.375769532485629,7.023777482456913,93.51358619539376,machine learning,high,revision,high,afternoon,medium,sunday,Spaced Repetition
2.8971379139502575,0.4587315540753447,6.814643266285472,3.4170595070827834,46.058686409065665,operating systems,high,concept,high,morning,medium,monday,Pomodoro
9.709853187426058,0.8794809730158171,5.670210889975939,8.18463877488268,59.57523508246881,machine learning,medium,revision,high,morning,low,friday,Spaced Repetition
1.5630835799750642,0.4210138793306859,8.854141841750058,2.3222973122539368,60.55870879135129,general,high,exam,medium,afternoon,high,sunday,Pomodoro
7.360079803099299,1.2344376117558016,4.935885182193599,5.306465046303657,86.83336161323282,mathematics,high,revision,high,morning,low,sunday,Spaced Repetition
9.858110493109905,0.7914159271475851,8.291118728681447,3.537271386142562,61.82857846845601,mathematics,low,concept,medium,night,low,sunday,Pomodoro
2.7932135896748265,0.08992288318310226,4.758138887887064,6.062996811457427,85.90961972900598,operating systems,medium,exam,low,afternoon,low,monday,Spaced Repetition
5.433121636779679,0.966361726627337,9.029382526490803,4.252634011604677,91.58768048869874,algorithms,high,exam,high,morning,medium,friday,Pomodoro
9.008953538261379,1.635712611310059,7.060890282737939,7.626158291204498,70.77382333112857,mathematics,high,revision,high,morning,low,wednesday,Deep Work
2.271011890358345,1.1417548336789525,5.111622132299942,3.5077875680353277,53.12258801941499,machine learning,medium,revision,medium,morning,medium,sunday,Pomodoro
6.1413442294338765,0.2860022453314528,6.2472894602774875,8.179590370133926,62.04344372182423,dbms,low,exam,high,morning,high,friday,Pomodoro
2.576108261173179,1.3455292288249334,5.323025580613883,2.96386781096955,92.44430639831111,general,high,revision,low,morning,high,tuesday,Pomodoro
8.133353318882213,1.254657870181356,8.501594583633054,2.3684371068204264,67.49941567525453,general,low,concept,medium,afternoon,high,friday,Pomodoro
9.501991589539857,1.2198831171921034,9.547134812391398,8.072313809215359,75.39687296810853,machine learning,low,concept,low,night,medium,saturday,Spaced Repetition
4.869866927089538,1.1938213810933123,9.997346219502631,7.925040046738424,63.87194218104563,mathematics,medium,concept,high,morning,medium,friday,Spaced Repetition
1.4090725039221637,1.2932008878973238,5.360447106441668,7.030292840268101,68.0998111560288,operating systems,high,concept,high,afternoon,low,monday,Spaced Repetition
4.9436075192351,1.6783607899605972,4.964077508271071,1.2247449590534463,66.94232607580756,data structures,high,concept,low,afternoon,low,monday,Pomodoro
2.7022519002068615,1.8447349693402058,8.173747914124348,6.496936576165347,51.99047627691637,dbms,high,exam,high,night,low,monday,Spaced Repetition
3.132399924159838,1.3547862597777456,7.394689329045978,9.362302454905187,63.23935107851884,algorithms,medium,concept,low,night,medium,monday,Spaced Repetition
3.5452101760344976,0.8371645710629783,5.755098552857512,3.9898501385258944,57.626554370463445,dbms,high,exam,low,afternoon,high,saturday,Pomodoro
3.6608908745123676,1.2392318538898446,7.5977654107595285,5.55697278418841,61.024795000611846,data structures,high,revision,low,afternoon,low,monday,Spaced Repetition
4.121973787279471,0.8712895809130197,8.766884907121037,3.503162399379512,48.535314386608924,dbms,low,revision,medium,morning,high,thursday,Pomodoro
2.6715976480466708,0.7450178631069317,9.571783372692364,1.5562761462030037,45.54163168668271,operating systems,high,exam,medium,morning,low,sunday,Pomodoro
5.513661643151497,0.493317231610813,6.825761514608401,6.957222693733104,85.07062821724256,algorithms,high,exam,low,night,medium,wednesday,Spaced Repetition
1.5004496951241455,0.013755924439298628,5.274683663172838,6.9717123452210705,64.67184933295275,algorithms,high,exam,medium,night,high,sunday,Pomodoro
1.9635146069876745,0.8801160930187975,8.378271438984534,9.461987250141565,76.22781951574576,operating systems,low,revision,low,afternoon,low,monday,Spaced Repetition
2.0523118197285233,1.36430632312327,9.699398009476456,2.2338051227088087,84.03298784815249,data structures,low,concept,medium,morning,medium,monday,Pomodoro
1.4072427011699906,0.43581741650402694,4.091061293720961,6.232753950238185,46.35119415267453,dbms,medium,exam,high,afternoon,medium,monday,Spaced Repetition
9.483932592699674,0.16546807924734153,5.523626631542177,8.019894942194899,45.92423241295995,machine learning,high,concept,high,morning,medium,friday,Spaced Repetition
3.0364772573493983,1.7913959263987447,8.701000485071539,7.297346854895285,77.01664164307012,dbms,high,revision,low,night,high,friday,Deep Work
3.216197448735401,0.8470958319837927,8.761423927232808,1.28600635921592,86.92304615582549,general,medium,exam,high,morning,low,sunday,Pomodoro
2.9643388542435654,1.978863531559263,7.446620535233235,2.2409674242040936,81.32575244868192,algorithms,low,exam,low,afternoon,medium,wednesday,Pomodoro
4.157371984015141,0.7251195931181891,8.834287154009306,3.953615345178508,52.54356242241076,data structures,medium,concept,medium,morning,medium,wednesday,Pomodoro
2.991148268014576,0.7619825473367998,8.850434433362146,8.412612496740762,63.076664558726094,data structures,high,concept,high,afternoon,low,saturday,Deep Work
1.6891143259018508,0.8415224035318516,7.610092984109777,9.433980504277093,58.708128217346115,mathematics,medium,exam,medium,afternoon,low,monday,Spaced Repetition
7.4327794879955125,0.13690090513203357,6.506001974901968,2.047226366480463,76.76775013219063,dbms,high,exam,low,night,high,thursday,Pomodoro
5.9559704149676636,0.8064155122665044,9.001864062851034,8.332039042389903,76.7098612061933,data structures,high,exam,medium,morning,high,thursday,Deep Work
4.718552654869476,1.3516458502081472,7.94895894578544,1.6309732567713127,63.715558925869466,operating systems,high,revision,low,afternoon,low,tuesday,Pomodoro
6.0133646194753165,0.46276127275369605,7.0145637229982585,7.583377237328042,97.48708053516603,machine learning,medium,exam,high,night,medium,friday,Spaced Repetition
6.668385889912369,0.8064212663676456,8.514387293822727,5.781646165158388,80.64628427369766,machine learning,high,revision,high,afternoon,low,sunday,Spaced Repetition
8.496367440168052,1.0805930635806145,9.067995454541347,4.881715357069131,62.7424291229821,general,medium,revision,medium,night,medium,monday,Pomodoro
3.7762145334053563,1.1460844012380313,5.951267177657268,1.3534247281748708,56.31991632066136,dbms,high,concept,high,morning,low,wednesday,Pomodoro
4.112254885693825,1.342186314171952,8.832580258275875,9.520806202230167,64.01273655098032,general,high,concept,high,afternoon,high,monday,Deep Work
6.4317592585100885,1.3190119633026542,8.128273342444773,2.083488209101801,96.31178700838782,general,medium,exam,low,night,low,sunday,Pomodoro
5.4720596665004395,1.8338840964018317,8.657742865095686,2.174511377054658,73.92519805646455,general,low,revision,medium,afternoon,low,saturday,Pomodoro
4.537935168034609,0.20049112744575326,4.099554883795587,6.95546814379561,76.14696651799527,algorithms,medium,exam,high,night,low,friday,Spaced Repetition
9.534263840110714,0.609204711548381,5.587094823933029,3.519033870217842,56.66314524105063,data structures,medium,revision,medium,night,high,monday,Pomodoro
1.0871819446687097,1.7159101818301143,8.386944066729503,9.520804316563328,86.89692875178395,dbms,high,exam,medium,morning,high,saturday,Deep Work
5.89778796253332,0.5504783620740166,8.25663318780385,3.443428022884402,94.25459748445391,general,high,revision,high,morning,medium,wednesday,Pomodoro
8.250839248270077,0.4486371177070525,5.356474426063376,8.35574780991913,95.82390521015952,operating systems,medium,concept,high,morning,medium,sunday,Spaced Repetition
2.9001334830223366,1.5049366751729887,4.307763093887294,5.432818426428604,66.52642208078319,dbms,high,exam,medium,night,low,tuesday,Spaced Repetition
2.8772953096694565,0.5927840137505669,9.46481602581888,5.926733563417533,84.03432262011216,general,medium,revision,medium,morning,medium,thursday,Spaced Repetition
6.2635476851999385,0.6750649317676378,8.817107253973276,3.218679150741847,98.56196191601222,operating systems,medium,exam,low,night,high,wednesday,Pomodoro
6.83294531080711,1.750236089116094,8.74312306163004,2.26996834619216,72.73492730752399,algorithms,medium,concept,high,afternoon,high,friday,Pomodoro
1.7382131669032377,0.06987849281197689,9.938538480456007,1.270191989341647,66.67169518300958,general,high,exam,medium,afternoon,high,wednesday,Pomodoro
6.200263452259763,1.7322030907556694,5.736637129716928,5.209130912363893,77.16339816199012,operating systems,medium,revision,medium,morning,medium,sunday,Spaced Repetition
9.409897348780973,1.3781753074964593,8.93963927608018,6.005716233670105,86.77100208544381,algorithms,high,revision,high,morning,low,wednesday,Spaced Repetition
9.927664725147789,0.5881349243535556,5.261911337714762,7.888270274722366,55.1815804552152,operating systems,high,revision,high,afternoon,high,wednesday,Pomodoro
8.621985019860574,0.648658754703036,8.058902497123626,6.348176445777375,76.18900720737682,algorithms,medium,revision,medium,morning,low,tuesday,Spaced Repetition
7.231188755389727,0.4666656452986533,7.751981019726723,7.723704404161261,53.122833334392354,machine learning,medium,concept,medium,morning,medium,wednesday,Spaced Repetition
2.0209673539352506,1.9938184371787107,5.100714406901376,6.347276764808118,64.68247428475536,data structures,medium,concept,medium,morning,medium,thursday,Spaced Repetition
5.34442125769241,1.5549109343647711,8.03708280093127,7.518290747492199,69.55594031330884,algorithms,high,concept,medium,afternoon,low,sunday,Deep Work
9.013458887697395,1.153762402622417,7.3835174005337425,5.502506816869843,44.163645154251,mathematics,low,revision,medium,afternoon,medium,thursday,Spaced Repetition
2.356187383007504,1.703188638608438,9.948721407056752,7.541549479434138,87.08618090949928,machine learning,low,concept,low,afternoon,medium,wednesday,Spaced Repetition
3.2827199996263445,1.5126685391657733,4.490003655160578,9.318583637151951,59.549407646229085,dbms,medium,exam,high,afternoon,medium,thursday,Spaced Repetition
3.9117737123694236,1.3301119780132622,7.33947057101292,4.084578328851165,48.07457602624646,operating systems,low,concept,medium,night,medium,friday,Pomodoro
1.9309070337443504,0.8040544337764814,8.373635200630943,8.018387956090613,47.093117337465316,data structures,low,exam,high,morning,high,saturday,Pomodoro
1.116077228105729,1.0805988135229994,9.10690441255589,9.61868481645329,73.94469703679735,data structures,low,revision,high,morning,high,saturday,Pomodoro
6.996410753311347,1.977671062778329,5.354366343034765,4.509097716619726,68.80284263860514,operating systems,high,exam,high,night,medium,wednesday,Pomodoro
5.786845898545149,1.7472370574744307,9.973413402944127,6.244430044102134,88.74842926265029,algorithms,low,exam,low,morning,medium,friday,Spaced Repetition
8.736007572261432,1.1846027421241914,8.167922636861052,4.282036086109029,84.31035271063112,machine learning,high,concept,low,night,high,saturday,Pomodoro
9.952157486768385,0.18500087587792757,8.682087176440952,7.063315601879408,86.04992983544233,operating systems,high,concept,low,afternoon,high,wednesday,Deep Work
3.034298771097869,1.1021019065898647,7.141381477179134,3.5403622337163956,57.88453903148937,machine learning,low,exam,high,night,high,sunday,Pomodoro
1.6002449326490398,0.09618462082407087,5.773990235629714,9.392901304172058,71.3927832982525,dbms,medium,revision,medium,morning,medium,thursday,Spaced Repetition
9.081417640993632,1.6198488406057987,7.498781314597501,7.571995459815243,61.88934821246792,dbms,high,concept,low,afternoon,medium,saturday,Deep Work
4.035725528207378,1.8831537054678675,7.178283796650206,7.591496019377994,95.44646295467678,machine learning,low,concept,medium,afternoon,low,thursday,Spaced Repetition
7.080966119863657,0.7918744523918997,8.537522748534606,5.0876529646303545,64.73678366989994,mathematics,low,exam,low,night,medium,thursday,Spaced Repetition
6.217580495207729,0.6912499871528031,8.894616427810643,5.200552843911554,44.603369611173115,mathematics,medium,exam,medium,morning,high,saturday,Pomodoro
4.192557010571914,0.8014083336689333,4.690877070371207,8.949462412836013,64.88953933128111,algorithms,high,exam,low,afternoon,medium,saturday,Spaced Repetition
5.098448219325468,0.829920872159361,8.382954864893797,2.2181989147595567,51.85835323546781,algorithms,medium,concept,high,morning,medium,saturday,Pomodoro
8.813523657938537,0.5947230626169446,4.975227924812247,7.08059178638419,42.285178035959156,operating systems,high,revision,medium,morning,high,saturday,Pomodoro
4.2728082302750465,0.19718846048387295,4.698867098040022,3.288351083003781,57.72807547760556,operating systems,high,exam,high,afternoon,low,tuesday,Pomodoro
2.548774292073638,1.757538499585829,7.350113890384682,8.8294404960792,62.292790679192464,machine learning,low,exam,medium,afternoon,high,monday,Pomodoro
8.455948038450916,0.16037351362422658,6.8610332663987466,6.67083814175497,89.71917436709735,algorithms,medium,concept,high,night,low,monday,Spaced Repetition
3.9078973149970357,1.975499078198377,5.954108812383719,4.547224421043653,76.20005177272208,mathematics,high,concept,medium,night,medium,friday,Pomodoro
1.0944427702595,1.7901305777024916,4.894844955638424,8.07332748588022,77.07589359077788,general,low,revision,low,night,low,monday,Spaced Repetition
6.102035166245824,0.703084520099396,7.662264971909966,1.2169917406780013,46.98753582890275,algorithms,high,exam,high,afternoon,medium,friday,Pomodoro
9.14984954136011,1.6707450605684921,5.181327230654102,4.970354970075691,51.9646958655121,operating systems,low,revision,low,afternoon,medium,thursday,Pomodoro
9.418403451764055,0.932232585316978,6.672319155867234,1.13110439276151,54.84398482350075,general,medium,exam,high,night,low,monday,Pomodoro
1.1891899605359544,1.6392191061315997,8.949122604922621,8.08967969472133,57.00184413346709,dbms,medium,exam,high,afternoon,high,sunday,Pomodoro
4.976503343217591,0.3267335167968404,5.1067543063593,2.820645542423833,63.202423422638674,mathematics,high,revision,low,morning,high,wednesday,Pomodoro
4.445056903627365,1.678293216141505,4.871960154523025,5.5512706940323655,43.72248501739326,machine learning,high,concept,high,morning,medium,friday,Spaced Repetition
2.0218657809365803,1.8350860193074894,8.666867466750706,8.401052003111626,94.16582727787053,data structures,low,concept,medium,night,medium,monday,Spaced Repetition
1.6946877720382116,0.33977414643811454,4.7616664825298365,2.1095540136905218,71.11370131994403,data structures,low,exam,high,afternoon,high,friday,Pomodoro
9.540826003423012,0.2851131100662312,6.292836848995416,5.992586229541189,44.60548371332428,operating systems,high,concept,high,night,high,monday,Pomodoro
4.738987005328807,0.04801008968977771,6.012229637304775,2.5937402985756086,45.905451346082124,dbms,medium,revision,high,afternoon,low,friday,Pomodoro
2.5255368267945277,0.10194975404488482,7.70517469037387,2.870050788655223,75.26182109725275,machine learning,medium,exam,high,night,low,tuesday,Pomodoro
6.649708734076027,1.294915881491092,9.062530263923762,3.9243051496597716,81.23773375495105,mathematics,medium,concept,low,morning,high,wednesday,Pomodoro
9.803986016739024,0.36178380275779665,8.794947826628693,4.007734427557989,83.85222074656963,operating systems,high,concept,high,night,low,saturday,Pomodoro
1.5365559281019312,1.3841011060794897,4.839924260330577,4.742367112165699,72.91530490328131,machine learning,medium,exam,medium,afternoon,high,thursday,Pomodoro
9.94673489181018,0.022157105188619353,8.38104071986406,6.146103843423824,66.0431305648574,machine learning,low,concept,low,afternoon,high,wednesday,Pomodoro
7.022971269323801,0.9676050797212945,6.510337200270001,4.220301244020337,75.62683791660713,general,high,concept,low,morning,high,sunday,Pomodoro
3.8350945646508214,0.44920488014976967,4.414921406311008,8.447488674721061,55.272432575299675,general,medium,exam,medium,night,low,friday,Spaced Repetition
6.106518497404661,1.5924872189127743,8.410151117138941,6.490971298326112,69.29066051864885,general,low,revision,low,morning,low,tuesday,Spaced Repetition
3.5936607336357653,0.012928715579421102,6.977435331404884,3.570633897060188,84.0764980426321,machine learning,high,revision,medium,night,high,friday,Pomodoro
5.244845416755358,0.18284398363427634,7.754091473568115,5.954785125366031,64.44193145276994,machine learning,high,revision,low,morning,low,monday,Spaced Repetition
8.75498396229191,1.154234164775813,9.343950732771054,6.372507010718553,88.60966539758215,dbms,low,revision,high,morning,low,tuesday,Spaced Repetition
2.627066355061416,0.5375952300603963,5.191867461384435,3.2217132483615964,58.38492696106218,machine learning,low,revision,low,afternoon,medium,monday,Pomodoro
1.7341743305022934,0.17557647411631994,5.030976762145951,5.662697482363103,52.839680721898816,operating systems,low,concept,high,night,high,monday,Pomodoro
3.779220478146538,0.5870695849173209,5.595986158555948,3.9950278206471594,73.44429785885123,machine learning,high,concept,high,afternoon,high,tuesday,Pomodoro
8.34471138109016,0.03789080674870915,8.415507721311933,2.8755961625649844,47.97568256247896,dbms,high,revision,low,afternoon,low,wednesday,Pomodoro
2.9858595365957363,0.2762505862804945,9.1546705458815,5.50052433271978,80.49359218324929,algorithms,low,exam,medium,afternoon,high,sunday,Pomodoro
9.789049209906139,1.2912051541168232,9.607263284293094,3.7304698926621986,86.91345477981338,general,high,concept,high,afternoon,high,monday,Pomodoro
2.6421223658724102,1.9304192770914703,6.569103639203037,6.688172875801928,83.56667556067822,dbms,medium,exam,medium,night,medium,thursday,Spaced Repetition
7.706932684217511,0.46444938180268625,6.43195216388172,3.4224541389246625,51.91789683171215,data structures,high,concept,high,night,high,saturday,Pomodoro
2.6453204968530333,1.9125837630267226,6.260058642576775,4.0531659505645266,43.74587963666682,general,medium,exam,medium,night,medium,monday,Pomodoro
3.722196857153227,1.7173962424891478,9.143385624218746,7.881858553463862,48.801706840910896,algorithms,high,revision,low,afternoon,low,sunday,Deep Work
5.505213856877481,1.2914500867021073,7.063422452371022,2.0795764755787283,58.72384267912124,dbms,high,revision,low,afternoon,high,tuesday,Pomodoro
1.7582983967617416,1.365305210088398,5.41373710714989,9.492167296316595,92.27509764391915,mathematics,high,exam,low,morning,low,friday,Spaced Repetition
7.677799565625873,1.3554464824026409,5.513888416810918,8.857388323136831,50.1315078022237,general,high,concept,high,afternoon,high,thursday,Pomodoro
2.7508152985163568,1.6411042785114376,8.059867808919085,6.7244260810521395,64.10758810656547,machine learning,low,exam,high,morning,high,friday,Pomodoro
9.83117437709916,1.8649778471796037,9.603195657077492,4.620013613624011,68.12739283040746,machine learning,low,exam,high,morning,high,tuesday,Pomodoro
4.670002309655464,1.7727607239202834,4.283180210184274,9.652749576778445,80.74975409917377,operating systems,high,exam,high,afternoon,high,friday,Pomodoro
3.6844520881071046,1.5510105934379987,6.358730789242475,2.253286637062336,40.642917861721536,data structures,low,concept,medium,afternoon,high,thursday,Pomodoro
5.748072840994779,0.34319273413038,5.004758467107931,5.163341923946378,41.996078270161505,machine learning,low,revision,medium,night,medium,tuesday,Spaced Repetition
1.6602766071364239,1.3262924979504176,7.572198220941236,4.736310885934712,65.33153403284068,machine learning,medium,exam,low,afternoon,medium,monday,Pomodoro
2.236255713718068,0.5537399389840245,4.276378382091865,9.377416674911027,79.64791178145462,mathematics,medium,concept,high,morning,low,friday,Spaced Repetition
9.286222607007575,0.6900336798491322,4.328396241549916,2.83817895731586,65.12170859966105,data structures,medium,concept,high,afternoon,medium,saturday,Pomodoro
8.400053013193094,1.5056973117644126,8.397155123990986,8.885732304426003,83.36707603729127,general,low,concept,low,afternoon,high,wednesday,Pomodoro
7.69625722312909,1.4220019238996224,5.406996866044563,7.744411150517403,95.07045298561317,mathematics,medium,exam,medium,afternoon,low,friday,Spaced Repetition
1.7304780201734307,0.9044049582070774,8.434548531957718,7.178625487389272,88.90432604054841,data structures,high,revision,high,afternoon,high,saturday,Deep Work
8.002416758348794,0.9214672004833477,9.933043247821978,5.349088682878916,99.21375672329785,mathematics,medium,revision,low,afternoon,low,thursday,Spaced Repetition
8.766301541598901,0.5341500149126648,7.207965538453143,8.728852868548335,59.55288055694742,algorithms,high,exam,medium,night,medium,monday,Deep Work
9.562571757811956,0.27404182007264133,7.2255077541553945,2.664282677204299,65.68931038180719,data structures,high,exam,medium,afternoon,low,saturday,Pomodoro
9.79746632388004,1.6157312913679625,8.424459665871677,5.833371832677768,90.3998656362606,mathematics,medium,exam,medium,morning,medium,saturday,Spaced Repetition
7.066157813955706,1.6886297283047649,9.494845500104034,7.461394218460916,57.016475405028174,data structures,medium,exam,medium,morning,low,thursday,Spaced Repetition
8.781871191424711,0.2373212289490776,5.031259072815546,5.2887382374901355,84.27282491012454,operating systems,high,concept,medium,afternoon,low,thursday,Spaced Repetition
9.41315965743505,1.818404272412974,8.91774921728587,8.993722146951736,51.953181150224594,general,high,revision,medium,morning,medium,saturday,Deep Work
5.009076367608591,1.184442798662881,8.205612190107995,2.7484621390162127,66.83206193298628,operating systems,medium,revision,low,morning,medium,sunday,Pomodoro
5.9234081105401994,0.1748930035997709,6.264179060779904,4.721648772609632,42.38868636674523,algorithms,low,exam,high,night,medium,monday,Pomodoro
1.3879009805349165,0.3581898786563631,6.3533067606012406,9.530017281723069,48.471943812231096,general,medium,concept,high,afternoon,high,saturday,Pomodoro
5.303430312002597,1.535939956123663,7.771398403883699,6.699368814484694,67.01694902989155,data structures,high,exam,high,afternoon,high,tuesday,Pomodoro
9.316656899611148,1.6406481762944018,7.371182738857111,7.042654653793631,95.57849661527176,algorithms,high,revision,medium,afternoon,low,saturday,Deep Work
3.176543758738178,0.8519950389368562,9.806456949002294,6.9198884494534,73.86372282033938,operating systems,low,exam,medium,night,low,saturday,Spaced Repetition
5.241774471167091,0.9450308856391705,6.269347091460069,5.655641339370278,64.78644386362865,data structures,high,revision,high,afternoon,low,wednesday,Spaced Repetition
1.5016676822869757,1.219625523096234,5.44482289643904,4.48126517846692,44.83484873719082,mathematics,low,concept,low,morning,medium,monday,Pomodoro
3.2099556335004196,1.6246523604941232,6.057033788832705,2.0033891905490373,74.2245694842185,mathematics,medium,exam,low,morning,medium,sunday,Pomodoro
3.541311271383906,0.16190747223137625,9.25968296209535,7.5598282403950705,58.08778356752804,machine learning,medium,concept,low,afternoon,low,friday,Spaced Repetition
4.049411341805266,1.9041248932780055,8.427566613992802,6.37686318316078,92.85370963268514,data structures,low,exam,high,night,low,sunday,Spaced Repetition
7.695146685719368,1.8384160621074503,6.542620719585541,4.079193401007054,97.69304392825399,algorithms,low,exam,medium,morning,medium,wednesday,Pomodoro
6.120599349536657,1.5243491743632893,8.870840310105319,4.076641377255323,66.0216598792228,general,medium,exam,low,afternoon,high,saturday,Pomodoro
7.674645587067,1.6101946240822698,9.070237893379854,4.5554800407111635,43.07580755055989,algorithms,medium,revision,low,night,medium,thursday,Pomodoro
2.677778243685771,1.4987388732899138,7.2741758128781555,2.836579496919405,57.51467040986844,algorithms,low,concept,high,night,low,tuesday,Pomodoro
9.614213492858166,0.8542100907206864,6.850602044150323,9.081596945665172,71.50296041472308,machine learning,medium,revision,medium,afternoon,low,thursday,Spaced Repetition
4.858878620032152,0.10756392835475581,4.132515071807078,4.221650750794882,60.01965343802156,data structures,medium,revision,high,afternoon,high,sunday,Pomodoro
7.581255304126376,1.5394932457141743,9.85246220610847,6.16206952024039,60.498466761436106,machine learning,medium,revision,low,afternoon,medium,thursday,Spaced Repetition
8.578961762351604,1.2282663523750361,5.954947504116692,2.725625956512398,73.32983681017788,dbms,medium,exam,low,night,low,sunday,Pomodoro
8.627928697492628,0.3636353056746775,6.582079194233202,2.4894979719729005,82.39624773965306,machine learning,low,exam,high,morning,medium,monday,Pomodoro
5.66269448677805,1.4960321533988048,9.019185344565422,7.3390178436146245,95.71581289183831,machine learning,high,exam,medium,night,medium,tuesday,Deep Work
9.37148682576295,1.0551759465443313,5.553425648758838,1.4754401772824979,83.56509108903103,data structures,high,revision,high,night,low,thursday,Pomodoro
1.5157927900943813,0.3491797024943728,8.244557650971593,7.406001504918545,93.90131651005993,algorithms,low,exam,medium,morning,medium,tuesday,Spaced Repetition
2.6540619859711105,0.6567709992332107,6.923272041531483,1.2228838981853607,54.92914162119591,algorithms,medium,exam,low,afternoon,low,thursday,Pomodoro
3.3173107852935235,1.5488389892126067,6.313321386407883,5.560172117686025,91.36006449358916,algorithms,low,revision,low,afternoon,medium,sunday,Spaced Repetition
9.040642561791884,0.7756685391421887,5.7272780684180855,7.522266288356421,90.1849357947914,machine learning,medium,revision,high,afternoon,medium,saturday,Spaced Repetition
5.975333881465142,1.481327162133252,6.910107925144247,1.7686272714644948,98.34768340167413,mathematics,low,concept,medium,night,low,wednesday,Pomodoro
8.047002082124818,1.500306458863025,6.740906827336811,8.611006141888943,46.85422831548375,algorithms,medium,concept,medium,afternoon,medium,monday,Spaced Repetition
2.0728939855651602,0.07292210165123691,4.316463712973304,8.507476973875972,47.07834901768369,general,low,concept,medium,afternoon,high,monday,Pomodoro
4.5393533658929375,1.233425415293552,9.16479362149297,4.115771980122949,79.2272050674677,mathematics,low,revision,low,afternoon,high,thursday,Pomodoro
9.939386767867719,1.7371140564989216,7.387839147377212,5.649648326688478,57.07602293828086,data structures,medium,exam,medium,morning,medium,wednesday,Spaced Repetition
2.8131752894817965,0.5304170739936582,5.018555208356959,1.8607662642134435,65.1481704665233,data structures,medium,concept,low,afternoon,medium,saturday,Pomodoro
3.247697613064197,0.6865509781288965,9.112290494828159,6.032963185916123,70.8845316254068,operating systems,medium,exam,medium,morning,low,saturday,Spaced Repetition
7.254265418033567,0.021102244900379707,6.364540916647019,8.658567094661201,60.751531478516156,general,medium,concept,high,morning,low,friday,Spaced Repetition
2.7275989509615317,1.4384688380882935,5.629302731064914,3.8459361030699704,90.69825121840609,general,high,exam,high,night,low,saturday,Pomodoro
5.267421512911717,0.45157910430125825,7.69973186899165,1.3630046692460678,59.57021524769521,machine learning,low,concept,high,night,low,sunday,Pomodoro
9.568860864876314,0.683731537596302,9.914821956701829,8.54747998780566,88.51423204884341,algorithms,low,revision,low,morning,low,thursday,Spaced Repetition
4.62728180154463,1.2691129354830495,7.727117933164499,2.086719723070121,98.61793276759735,algorithms,low,exam,medium,morning,medium,saturday,Pomodoro
1.893066364851821,0.8572885584170635,7.7710130214172235,2.9364005946165,77.64807392596437,machine learning,high,revision,high,morning,high,saturday,Pomodoro
3.792764042125277,0.7982522008899322,5.453542945508604,2.831391950997813,97.27323054505,general,medium,concept,high,afternoon,low,wednesday,Pomodoro
6.7634267197981695,1.7010084566571941,8.445215610311307,5.8831599426936005,79.2152062026652,algorithms,low,revision,low,morning,high,friday,Pomodoro
3.1828984892467367,0.5833869014431721,9.545857402315349,3.073479754473005,57.35463416918009,data structures,high,revision,low,night,high,wednesday,Pomodoro
6.194944657080551,1.3480757348499135,4.099962827465296,4.050502978136038,87.73961383968651,operating systems,low,exam,low,night,high,tuesday,Pomodoro
9.405801767300673,0.26211726160858073,8.784366147446672,5.571538227157674,85.01984654919735,dbms,high,revision,high,morning,medium,monday,Spaced Repetition
8.180242132069653,1.7287325329119465,6.741328430423601,5.275975284386519,63.16305613911015,operating systems,high,revision,low,afternoon,medium,monday,Spaced Repetition
9.97128262612998,0.8537166575901791,4.666905278699871,1.2737429272717118,83.61261436838629,operating systems,high,revision,high,afternoon,low,thursday,Pomodoro
1.4914927289212214,1.9436906026509693,7.075691464619199,3.617891688084242,68.16441051935549,machine learning,high,revision,low,afternoon,medium,saturday,Pomodoro
5.618709025388468,1.4307620343573104,9.83956529818295,2.81265678292017,40.5726011840336,machine learning,high,revision,medium,morning,high,tuesday,Pomodoro
5.1105753359725625,0.6584612306827891,4.314890260598365,5.052126580053556,55.28492244020313,dbms,high,concept,low,morning,high,saturday,Pomodoro
2.6587125725508916,0.07872375963945899,4.131080271917211,7.970370428078118,48.066005642172996,general,low,revision,high,night,high,thursday,Pomodoro
6.05741728167697,0.22386915626957848,7.657035346029899,6.115887588974529,87.51958200434258,operating systems,medium,revision,high,afternoon,low,monday,Spaced Repetition
8.066708959805572,0.9748126062016151,9.672229897688666,1.5151302416512844,95.85991718275504,operating systems,medium,revision,low,morning,low,tuesday,Pomodoro
3.9189599122326997,1.9042878341527028,8.941873568518545,7.381013601937416,75.25761919690652,algorithms,low,exam,low,night,low,sunday,Spaced Repetition
4.219792869643428,0.12780188409674764,4.446007653316428,2.0382652117513347,92.18087940061977,general,high,revision,high,morning,low,monday,Pomodoro
9.1863585199985,0.012367645281793349,8.864101422025552,9.535325975100271,45.479544060013424,general,medium,revision,high,morning,low,wednesday,Spaced Repetition
3.3186879888717624,0.8998873485377192,8.157453466148606,7.5984434032311965,99.72529077552737,machine learning,medium,exam,high,morning,high,thursday,Pomodoro
1.8728088626448585,0.11141367223049037,4.775342800616496,1.519669715203324,90.70073422934655,machine learning,low,exam,medium,morning,medium,tuesday,Pomodoro
9.912566535264471,1.2226833124954524,6.225842275553014,7.949368248542543,50.227750694898525,data structures,low,exam,low,night,low,wednesday,Spaced Repetition
6.1884001282587935,0.6841388693151107,8.859872462100835,3.1446070349778243,53.46297878798773,data structures,medium,exam,high,night,medium,sunday,Pomodoro
5.5998443932515825,0.8910356289863224,9.801811087709892,6.140792655666223,91.80589466736308,general,low,concept,medium,afternoon,high,saturday,Pomodoro
6.939941051217855,0.7775368257231938,4.788474297131611,3.3623650711053195,74.87292864936299,data structures,medium,exam,high,night,medium,friday,Pomodoro
5.625599020216372,1.380246235364016,9.02469757050077,3.9069071485918156,93.34073140665757,algorithms,high,revision,medium,night,high,thursday,Pomodoro
3.072873022145898,0.2128235258056892,8.930514501912342,2.2507209269796213,84.8378534535914,general,medium,concept,medium,afternoon,medium,thursday,Pomodoro
9.774138455292114,0.8222268339896972,6.668276661150014,6.18890490956026,99.0004461048536,operating systems,high,revision,low,night,high,thursday,Pomodoro
4.428013263621963,0.9920854520331661,4.046599852923812,5.428828093150882,99.18924409430377,dbms,medium,revision,high,afternoon,medium,tuesday,Spaced Repetition
4.756524616054903,0.6193377408025851,9.626954799910402,7.094304700045023,47.14127826958847,machine learning,low,concept,high,morning,medium,thursday,Spaced Repetition
1.806094218846796,1.4307282304577793,5.626853520283529,7.84295399263724,83.34468306781267,data structures,high,concept,high,morning,medium,thursday,Spaced Repetition
8.84427294576166,0.8366916149875161,6.666373710706483,3.7295464546407437,82.99637793760186,dbms,high,concept,low,afternoon,medium,friday,Pomodoro
4.237080051007609,1.3744686869213658,5.87700518514532,1.5481498891166443,82.09391593617653,data structures,low,revision,high,night,medium,saturday,Pomodoro
3.7368517237415544,1.623254028889707,5.763500563029602,5.016937239879051,83.62111162084804,operating systems,high,exam,low,morning,low,friday,Spaced Repetition
6.120848748737105,1.0629584925636417,6.747779286937213,4.571103928731258,65.87262909185974,machine learning,high,exam,low,afternoon,high,saturday,Pomodoro
9.001005497331994,1.138609968824404,7.7903345099595045,5.668730624032385,43.06993038672856,dbms,low,exam,low,afternoon,medium,monday,Spaced Repetition
2.1215204711049465,1.3049519110144643,4.3163185980070065,5.015533940314269,73.23876923320483,general,low,concept,high,afternoon,low,sunday,Spaced Repetition
1.955924448296106,1.551754508939386,8.847743968654115,7.9098815594290395,46.83795322715447,operating systems,low,concept,low,morning,low,saturday,Spaced Repetition
8.260962126838905,0.503613532101763,8.942478327704803,1.7674150745050965,91.97102253214177,dbms,high,revision,high,afternoon,high,thursday,Pomodoro
8.155103832356232,0.326708899486313,4.625878524111293,2.3096393450862323,92.6276537139101,mathematics,low,concept,high,morning,high,thursday,Pomodoro
8.811996327055809,1.656371738646906,7.756328253884808,1.6775084498650625,46.743821630560774,dbms,medium,exam,medium,night,low,wednesday,Pomodoro
4.465522501470655,1.8859655681422713,7.662256358690152,8.514764071146661,82.62109004273994,general,high,concept,low,afternoon,low,tuesday,Deep Work
4.068657762786897,1.9953445265293184,5.581308876980667,3.512174236968427,95.8403353337439,data structures,medium,revision,high,night,low,friday,Pomodoro
4.671063436343921,0.6955648060977744,4.129873368081902,1.8259984582405826,80.85719748421457,dbms,low,exam,high,night,high,thursday,Pomodoro
9.84234322541123,1.823637139078894,6.634783964829103,1.359531759574849,61.73760940001229,algorithms,medium,concept,medium,morning,low,tuesday,Pomodoro
5.172598669091048,1.5685425986134338,9.681281178046142,3.476531012392612,63.877620782845426,machine learning,low,exam,medium,morning,high,tuesday,Pomodoro
6.956296557169822,1.6337805790083366,8.497273385326512,7.295808318539714,58.415864378873955,algorithms,low,revision,high,night,low,friday,Spaced Repetition
2.257231353426448,1.4314718528215906,9.836762209938664,9.847582296533384,69.63874894841128,algorithms,medium,exam,medium,afternoon,medium,saturday,Spaced Repetition
4.791707934700282,1.6776786735305407,9.262722805973727,3.1886198223780333,73.03423807248186,mathematics,low,exam,medium,night,low,thursday,Pomodoro
5.626210328888588,1.2115074610418688,7.7912809554813105,5.7434514084330734,74.95202664644415,mathematics,medium,revision,low,afternoon,low,saturday,Spaced Repetition
4.610331725426178,1.8955921320289142,6.379543446317978,2.123830692153304,71.52670758173078,mathematics,high,revision,low,morning,low,monday,Pomodoro
3.5565255013638613,1.9895499091478122,9.79935351133086,4.966651369758372,55.6241865272745,operating systems,high,concept,low,afternoon,high,tuesday,Pomodoro
4.17232942249016,0.25222028335725,4.779142080507286,7.085761717208853,91.5160064189499,data structures,high,revision,medium,morning,medium,friday,Spaced Repetition
8.31565874383082,1.1575129527199985,7.709710126082319,8.033158798792384,82.1966336639471,general,medium,revision,low,night,low,monday,Spaced Repetition
3.827458574532749,1.915942132964908,4.200541434613022,6.218135594496595,49.9902128229709,mathematics,high,exam,medium,morning,medium,friday,Spaced Repetition
2.9054293493317376,0.28848004223620705,8.553860991124184,5.505575791005379,94.70710674290629,dbms,low,exam,medium,night,high,monday,Pomodoro
4.1569986070928096,1.6653874926988401,6.960440202480371,9.20469622337628,95.68085420376286,machine learning,medium,exam,medium,afternoon,high,monday,Pomodoro
4.190933879457466,1.129188162580643,5.513936465582471,9.237609463413465,55.94113389197581,algorithms,low,concept,high,afternoon,low,sunday,Spaced Repetition
2.518744945584066,1.93665392019851,6.71730016249307,9.51143597596922,80.60920261780282,data structures,high,revision,medium,morning,high,monday,Pomodoro
5.63305811439821,1.0265210091408845,4.643334365250925,4.811338083243995,67.14200555239421,machine learning,low,concept,low,afternoon,medium,monday,Pomodoro
4.293093687560268,0.45878700430876407,5.309818670869074,1.4922385711864088,41.06020268772603,machine learning,medium,revision,low,morning,high,wednesday,Pomodoro
8.491519375317171,1.9832486859224563,4.981697224829658,7.225998752277841,80.45761442200148,dbms,low,exam,medium,night,medium,sunday,Spaced Repetition
8.983384700022658,0.5500495449755956,5.3416757187559885,8.713872456489241,89.02642595000567,operating systems,low,exam,medium,night,high,friday,Pomodoro
7.859166584052922,1.8723531283330104,9.644505155406767,2.5730315638744043,92.48461897939396,data structures,low,concept,medium,morning,medium,monday,Pomodoro
1.0333216614917515,0.3251224118628302,6.097136807016389,3.8414901679343973,87.48177514737316,general,low,revision,medium,morning,low,thursday,Pomodoro
9.083318003380906,1.8708496488970683,9.87882121228563,8.816975477072539,50.437653261773534,mathematics,low,revision,medium,afternoon,high,thursday,Pomodoro
8.37709302502413,1.9987006009444004,5.268587547993467,3.3865366706502003,79.77158725807993,operating systems,low,revision,low,afternoon,low,sunday,Pomodoro
4.098772299879633,0.1235247725803994,8.406100212011776,5.695600769679211,52.792235883348106,machine learning,high,revision,low,morning,medium,monday,Spaced Repetition
4.080029723010141,1.9627666684825602,7.778101571555218,4.7454485176554195,49.9923108098362,operating systems,high,exam,high,morning,medium,friday,Pomodoro
2.2925924026193463,1.3158989715632519,8.36486246797898,8.0785514217531,54.62249271426056,machine learning,medium,concept,medium,afternoon,medium,wednesday,Spaced Repetition
4.247256802402023,1.5056949501827679,7.000203493417648,2.1503065992434447,74.93424692815518,dbms,low,exam,medium,morning,medium,friday,Pomodoro
4.102927902098868,0.780591094425541,9.346130097803268,8.322479320306204,82.89716941310664,dbms,high,revision,medium,afternoon,low,thursday,Deep Work
1.84203466221102,0.0333431011992662,9.241205585471288,3.128274210148251,52.69040495690608,general,low,revision,medium,morning,high,monday,Pomodoro
2.7311172683852356,1.4347455481259468,7.986036199634094,4.090400106171153,41.14595196122355,dbms,high,exam,medium,night,medium,wednesday,Pomodoro
5.662138140176678,0.01492628083443881,6.536119717944555,7.462613450807748,66.56162211804616,dbms,low,exam,high,night,medium,thursday,Spaced Repetition
4.16548100211087,0.8803606573943863,4.415846638229769,6.203965431009605,75.85794639213402,general,low,concept,high,night,low,wednesday,Spaced Repetition
7.310297979699881,0.11145597140196895,9.470367090049796,7.318743101960469,70.44338590510942,data structures,low,revision,medium,morning,medium,saturday,Spaced Repetition
9.140075304062446,0.0014954167410621277,7.564818348865307,7.473705481226022,77.12481894745638,data structures,high,revision,low,afternoon,medium,saturday,Deep Work
4.018661321467123,1.9045280290667446,7.198331740568268,6.683899408085443,72.57642666935966,general,high,revision,low,morning,low,monday,Spaced Repetition
2.634682796909397,0.6047914806078445,4.304815538133654,5.2147053231074665,91.1876903146142,algorithms,high,revision,medium,night,medium,wednesday,Spaced Repetition
1.7579171005938852,1.9691517927522262,7.998443828169513,3.568636616170802,75.14850365291466,dbms,medium,exam,low,morning,high,wednesday,Pomodoro
3.6049273122701972,0.9592501934889162,9.837064951960134,1.043815668899529,64.76069490274895,operating systems,low,concept,medium,morning,low,wednesday,Pomodoro
5.799775262128668,1.9919872982013993,8.803216630760486,8.610778824619793,78.11589924154485,general,high,revision,low,night,medium,monday,Deep Work
9.690488482427957,0.6831407740631359,6.031041276552838,1.0638263149693388,80.81504129982244,dbms,medium,concept,high,afternoon,medium,monday,Pomodoro
1.2836173877399042,0.2432105186961142,7.7985107589774305,9.091215843845355,77.42462356525573,machine learning,low,concept,low,night,medium,wednesday,Spaced Repetition
4.65816446156865,1.5436720704602198,6.903263587385554,9.077790938698756,94.46567461901071,algorithms,high,exam,medium,afternoon,medium,sunday,Spaced Repetition
8.65119461216533,0.5783006689083019,9.713560470173942,1.4487413175924782,48.99455519482838,general,low,exam,medium,afternoon,low,wednesday,Pomodoro
9.643300971599173,0.08917618546828798,4.8583717163404145,1.126130657734513,74.01150599764568,dbms,medium,exam,low,morning,medium,friday,Pomodoro
9.579847349808645,1.8063813814455714,8.282237552060243,8.363310230150212,80.03991098006159,data structures,medium,concept,medium,afternoon,low,monday,Spaced Repetition
8.373107908921781,1.0730512167868964,9.159644285100455,2.917317878589378,76.46670631641322,data structures,high,exam,medium,morning,medium,saturday,Pomodoro
3.3960835134892924,0.06268533771773344,4.716693303785714,6.600726811666236,96.06521301055082,machine learning,medium,concept,medium,afternoon,low,friday,Spaced Repetition
1.0056476496561055,1.926188261795605,9.50526936757807,7.881114373834873,44.744561258598885,operating systems,low,revision,high,afternoon,low,thursday,Spaced Repetition
4.204605692072303,1.577827925931734,5.402142692952181,6.752816464509639,54.1409520745531,data structures,medium,revision,low,afternoon,high,thursday,Pomodoro
6.3421772897286814,0.25422098173404795,6.565251132158272,2.447742641365881,82.02087333199417,general,low,revision,high,morning,low,monday,Pomodoro
2.725041869472469,0.9490887003171125,6.168922898930872,4.228543175914889,71.7560468886154,mathematics,high,concept,high,morning,medium,sunday,Pomodoro
4.047501062013692,0.11086597788246766,7.325125906028747,6.291120924053331,96.0724147373116,mathematics,low,exam,high,afternoon,high,friday,Pomodoro
5.749858588028028,1.1148819343271998,9.869984846063486,7.95850922572263,46.37595428754375,algorithms,low,concept,medium,night,low,sunday,Spaced Repetition
3.9083069555147554,1.0882172478789371,7.310274232119801,4.209030290591999,66.83816537515604,algorithms,high,concept,low,afternoon,high,thursday,Pomodoro
7.579093142255348,0.15324480398440543,7.984198198667905,3.138040131109929,69.35675566309618,general,low,exam,low,morning,medium,friday,Pomodoro
7.677958520135551,0.10455820653751924,9.115255869253001,2.7837674777950134,92.46388190249985,mathematics,high,revision,high,night,high,friday,Pomodoro
2.1397341296653694,0.3570395785451974,6.958180750952813,1.7374459513433151,51.758811082105716,machine learning,high,revision,high,morning,high,thursday,Pomodoro
5.903422081060886,0.5394849317475341,8.214392326483592,6.930116259173714,99.34751914652401,operating systems,medium,revision,medium,night,medium,friday,Spaced Repetition
1.9906638416295146,0.766775727263997,9.022971785170153,8.78765103280922,76.1707828237382,mathematics,high,exam,high,night,high,friday,Deep Work
2.80641558622413,1.7603094658205178,5.169980425126118,3.8212962386180536,77.23341082140752,operating systems,medium,revision,medium,night,high,tuesday,Pomodoro
5.795624190549339,0.9426435882101367,9.886585747081057,7.663404672469178,47.080361597162494,algorithms,high,revision,medium,afternoon,medium,tuesday,Deep Work
6.625823974178758,1.8923737879825224,7.478628650574878,5.861955401007568,43.019375976079836,mathematics,high,exam,low,morning,medium,wednesday,Spaced Repetition
9.96057153660436,1.3313010012519195,6.9608799884372665,9.308565897573382,40.951110533912576,general,low,concept,medium,morning,low,wednesday,Spaced Repetition
6.098663490290471,1.299085917207321,5.81573909757253,5.139835027102907,56.760369116593566,data structures,high,exam,medium,afternoon,medium,saturday,Spaced Repetition
6.054350569409748,0.34162741261242147,5.1861418186869255,3.8693559058570424,75.60978494931109,data structures,high,revision,medium,afternoon,low,saturday,Pomodoro
4.24089667703902,0.1796442588512095,5.540980226351111,1.8326495906478502,46.05649753338393,mathematics,medium,exam,high,night,medium,saturday,Pomodoro
2.271193282239016,1.8412562734215516,4.561797360001775,9.59556868413613,76.65558324900869,general,high,concept,medium,night,medium,tuesday,Spaced Repetition
1.8137708001249466,1.8957131345073215,5.551343581841476,4.034912413656572,64.13562482101253,algorithms,medium,concept,low,night,low,monday,Pomodoro
8.22853460469458,0.306825764778176,6.199307124275357,4.360178449286485,49.084626636165105,algorithms,high,exam,high,afternoon,high,thursday,Pomodoro
1.4250238884527935,0.3528795409407006,9.735419034329095,1.6336482616226276,61.295872058080974,data structures,high,revision,low,night,high,sunday,Pomodoro
4.408330200230434,1.6862897300594908,7.8652780959377075,6.856519459004203,92.00928914130935,general,high,concept,high,afternoon,medium,tuesday,Spaced Repetition
7.562898536507678,1.0005810373563593,6.490934056343862,2.5228274650952662,51.25163337473,data structures,medium,concept,high,night,high,sunday,Pomodoro
4.037293411416747,0.03616218441137087,6.40197921046455,5.948892290405894,77.17495556962521,machine learning,high,exam,medium,morning,medium,wednesday,Spaced Repetition
8.663834547081331,0.3132256297852998,9.84856048801717,8.582844064587732,70.05259635337595,mathematics,medium,exam,high,morning,high,saturday,Pomodoro
7.037783983017153,1.3288475731853557,6.71652602625244,8.519862020893367,97.69676550599699,machine learning,medium,concept,high,afternoon,high,friday,Pomodoro
6.063898806124682,1.5243750223881642,8.281644197580828,2.867603458463911,74.12876418603237,machine learning,low,revision,low,afternoon,medium,monday,Pomodoro
2.285070730010962,0.7788693601553465,9.710214438343222,3.877487644058688,92.08588959202376,data structures,high,revision,high,afternoon,medium,saturday,Pomodoro
1.1594246554845011,1.406399569550974,4.1302005716532495,6.68069270254064,49.816989324553305,mathematics,low,exam,medium,night,high,monday,Pomodoro
8.997779024528654,0.9676999400664466,8.37053492379663,3.848091188801119,60.53118434551945,data structures,low,concept,low,afternoon,low,friday,Pomodoro
1.2636949879307653,1.2362059311233937,7.057053239345212,5.911747118014921,61.565429609849026,mathematics,medium,concept,low,morning,high,wednesday,Pomodoro
5.200148402477778,0.10541957970687799,4.225397377263883,7.454633023420819,72.28567984726668,general,low,revision,medium,night,low,saturday,Spaced Repetition
5.146409542134479,0.5725597242238818,5.484777887398878,6.807138800979985,79.05830471311268,dbms,high,exam,medium,morning,high,monday,Pomodoro
3.4142532303007966,1.9986725599670085,5.052005448261159,1.0910298849475222,48.928522871090564,general,medium,revision,medium,morning,low,tuesday,Pomodoro
9.505153848236446,1.3472196639933902,4.389395677230457,5.191530199007478,54.414701107858235,machine learning,high,concept,medium,night,high,sunday,Pomodoro
5.5316216016819695,0.12021711215679165,9.495609775066923,6.539062783459654,51.56146568157808,mathematics,high,concept,low,night,low,friday,Spaced Repetition
8.44849235214238,1.9357291319027106,9.339018364529863,6.404812913857733,71.80314035274284,data structures,high,exam,high,night,high,saturday,Pomodoro
5.57519938808133,1.9836635849272606,5.596647737015795,8.498724938069085,65.60742233163516,data structures,high,concept,medium,morning,medium,thursday,Spaced Repetition
3.501020133889804,0.9963785983479583,5.977182482643981,4.965428026532573,91.41700779216329,data structures,high,revision,low,afternoon,low,wednesday,Pomodoro
5.70438508660841,0.04718393556159173,6.482397385481979,3.693235773341444,84.88634007324936,general,high,concept,high,morning,high,tuesday,Pomodoro
8.973299029990827,1.54985694461191,8.41150729784076,8.176031250849665,56.1650733597743,operating systems,high,exam,medium,afternoon,medium,monday,Deep Work
2.412123617315081,1.895130252648086,8.601093386906639,3.4145848038499538,75.44827201107495,mathematics,high,exam,medium,morning,low,thursday,Pomodoro
6.56079988970833,1.3317155324325545,6.272045259836702,9.589805022889665,92.4501352889241,mathematics,medium,revision,high,night,medium,sunday,Spaced Repetition
2.296029015278399,1.9989357884051604,7.734255588839045,4.878890853914715,57.28987137303708,operating systems,medium,revision,high,afternoon,low,saturday,Pomodoro
3.8826886824706826,1.8133065939039978,5.147452774456728,6.538860235296339,64.34286545085686,mathematics,medium,concept,medium,morning,high,tuesday,Pomodoro
5.38075943517084,1.4046499588394137,9.11181552133505,4.209480215869475,55.683838993623695,data structures,high,exam,medium,night,medium,saturday,Pomodoro
9.72049957456862,1.427915895729543,9.547951657493481,5.654187028095742,47.02386477891176,mathematics,low,exam,high,afternoon,low,wednesday,Spaced Repetition
4.652308829802444,1.9408770977681948,4.674315593749155,3.416544255275518,69.54410555226013,dbms,high,concept,low,morning,medium,sunday,Pomodoro
4.69734756010685,0.4353995977144649,9.79612875478125,2.1757094340162375,62.31020707398517,data structures,high,exam,medium,morning,low,saturday,Pomodoro
6.469170769457299,1.9667744409211452,9.04664385363322,1.3236918059207152,79.50397572262251,operating systems,low,concept,high,night,medium,friday,Pomodoro
1.4709957157059654,1.565697235973315,9.073064865043364,8.19173931194759,70.50874211848156,mathematics,low,exam,medium,night,high,monday,Pomodoro
2.4012333798033962,0.4513291661041101,5.270788899289016,8.13285790859203,51.214437787007085,machine learning,low,concept,low,night,high,saturday,Pomodoro
4.235181596685492,1.716738813439317,5.3956231728925355,2.039552795408196,59.56636339832761,algorithms,high,concept,high,night,medium,wednesday,Pomodoro
8.994449768603555,0.9198839025879255,7.641838697645593,2.69649867516005,88.29801003290112,machine learning,low,revision,high,morning,low,monday,Pomodoro
6.032229908166715,1.0055668836933611,4.866618904930466,4.978595918062675,60.04627912519379,machine learning,low,concept,high,afternoon,low,saturday,Pomodoro
3.566905701879989,1.1079398997565497,4.009607125294173,3.548971754287007,92.88461993939501,data structures,medium,concept,low,afternoon,high,saturday,Pomodoro
2.3935725518270945,0.7123878869227589,8.182078083605578,6.041043847084135,63.187753859676114,data structures,medium,exam,high,morning,medium,thursday,Spaced Repetition
6.731393178559175,1.9495396868408261,8.953620549442089,1.540073733301106,62.57376270167147,dbms,low,exam,low,afternoon,high,saturday,Pomodoro
1.7795778476922464,1.3383083110697016,6.461822331235973,5.236308995419554,42.94890342071062,algorithms,low,exam,low,afternoon,high,sunday,Pomodoro
6.54616584397551,0.9657570682316872,6.341954675569328,9.181562886070584,41.74742709934632,operating systems,low,exam,low,morning,low,monday,Spaced Repetition
9.500173190938341,0.42455503057102884,7.1208090867081095,5.272490144153916,55.50355887222221,operating systems,medium,exam,high,night,high,tuesday,Pomodoro
6.449000367748081,0.11418952101976787,8.036955331348505,5.773817982945184,79.7671439646198,data structures,low,exam,medium,night,medium,friday,Spaced Repetition
6.866812842828453,1.558966033769057,8.603024310694366,9.754198689349767,57.150486919804564,mathematics,high,revision,medium,night,high,wednesday,Deep Work
8.360095875304776,1.09865273037203,9.578750335783019,9.530770977991619,44.15827036112492,data structures,high,exam,low,morning,medium,thursday,Deep Work
7.099133870059284,0.45346845379672285,7.611888117846714,7.277030453478755,45.429778665752,dbms,high,concept,medium,afternoon,high,monday,Deep Work
8.73082492409998,0.17754653391246533,9.189969857246659,3.8855791589520408,50.69989074569298,operating systems,medium,exam,medium,night,medium,saturday,Pomodoro
2.2148063746447786,0.592353531117997,7.433702887252007,4.976683372819576,60.80312567415467,operating systems,low,exam,low,night,medium,thursday,Pomodoro
2.3678216422664606,0.26063597618258183,6.073762222216954,8.269321321396513,54.78089483453811,operating systems,high,exam,low,morning,medium,tuesday,Spaced Repetition
1.390900215120737,0.5220567830716962,9.254575233154931,7.771111322787604,41.05870961071635,machine learning,low,concept,medium,afternoon,high,tuesday,Pomodoro
4.165388361629274,1.086968857166029,4.436417570663179,8.111182363534976,53.06684810605411,general,medium,revision,medium,afternoon,high,monday,Pomodoro
4.199768174368069,1.6177170780671306,5.768208219313168,6.140916259763655,84.72386434849237,operating systems,high,concept,medium,afternoon,medium,monday,Spaced Repetition
8.186358186373829,0.5343305251759798,5.467242657905796,3.0458986396302468,60.35424043173202,data structures,low,revision,medium,afternoon,high,sunday,Pomodoro
4.735964591694393,0.17867980458373367,6.626688863797719,3.076611311863484,57.47178729979745,data structures,high,concept,high,night,medium,friday,Pomodoro
1.3164129284365127,1.1501408381708298,8.719500824989039,1.1555924028702689,72.9810768193947,algorithms,medium,exam,medium,night,low,tuesday,Pomodoro
4.101369361542746,0.3219688633747495,7.37898633072373,9.493967083103344,40.22981743001935,dbms,medium,concept,medium,night,low,thursday,Spaced Repetition
6.753659253989118,1.7069311064051063,8.424237832184028,8.939851635042915,66.03328290912877,general,high,exam,low,morning,low,tuesday,Deep Work
6.02091265220097,0.6086151836417286,4.518745042720914,1.0128550877125906,66.97500117521574,data structures,medium,exam,medium,night,low,thursday,Pomodoro
1.5686945134706458,1.1963749998770572,7.610958091798287,1.5805068281790562,98.35134973801972,mathematics,low,revision,medium,morning,high,tuesday,Pomodoro
3.585172131773567,1.0226781795922655,8.840115128581477,1.4487811884476098,76.20425273321476,dbms,medium,revision,low,morning,high,tuesday,Pomodoro
6.293293360566383,0.27656634680949543,6.556734225834913,5.970893476368501,75.93298568543904,operating systems,low,revision,high,morning,medium,thursday,Spaced Repetition
8.756922980064315,1.1285670034668638,6.461756817663679,3.9966095293427637,47.497393965041084,machine learning,low,concept,high,morning,high,sunday,Pomodoro
3.815601652051013,0.19608907622187965,7.160902996302481,1.5138917060065873,46.63258997851483,algorithms,high,concept,high,night,low,sunday,Pomodoro
9.621208681440834,1.648535971845749,7.3890486203045596,2.616912692531614,45.98581346217054,general,low,exam,low,afternoon,low,monday,Pomodoro
3.120093411350511,1.865007906194765,9.157017853749387,7.388065452015753,68.9335138202396,algorithms,medium,exam,medium,afternoon,medium,saturday,Spaced Repetition
3.106923984735765,0.1198503106421629,7.1055967903228465,2.119907871520797,97.73175257667947,algorithms,low,exam,low,afternoon,medium,friday,Pomodoro
2.4087629207416708,0.7332754001929129,7.714728400280178,2.4345539629426196,98.08133032274432,machine learning,medium,concept,medium,afternoon,medium,tuesday,Pomodoro
5.6300719096138545,0.661983895206806,9.024705369008403,3.7887908446763623,70.45054566815989,mathematics,medium,revision,high,night,low,wednesday,Pomodoro
8.03161582665123,0.03880249123643087,5.962040610976612,6.65162861808617,56.51141270640854,dbms,high,revision,medium,morning,high,sunday,Pomodoro
1.6994117655255294,1.0647204697226298,5.820185693285023,4.535551688332621,50.77907307732051,data structures,low,exam,low,morning,high,friday,Pomodoro
4.026772849723748,0.6572086789596854,5.709479515314615,5.304553007599387,50.83820187647892,mathematics,medium,concept,low,morning,low,tuesday,Spaced Repetition
3.8951773183117844,0.9309739448793988,9.659175098160704,9.385582822784421,52.41231252533727,machine learning,low,exam,medium,night,low,monday,Spaced Repetition
9.106841462056591,1.8600107555821452,6.3014043460437525,5.425641487170905,93.77417494876798,algorithms,medium,revision,medium,afternoon,low,sunday,Spaced Repetition
7.125101572246436,1.7176831668285206,7.773238866479831,7.865631121118311,85.91623144701742,mathematics,low,concept,medium,night,low,saturday,Spaced Repetition
9.130024058704347,0.13938139346023926,4.349305072452038,9.343037440912674,78.90729485088609,mathematics,high,exam,medium,night,medium,thursday,Spaced Repetition
8.794208716125622,0.3443373771052982,9.1030699118624,8.90062579914908,72.96571673731097,machine learning,low,concept,low,afternoon,medium,tuesday,Spaced Repetition
1.8416811123811856,0.8542248928386682,4.772526624208333,9.528612926686003,68.5102519613577,algorithms,low,revision,medium,afternoon,medium,friday,Spaced Repetition
8.307709681517215,1.734304302002244,8.038048997732062,1.4226798016690057,73.97937280999193,data structures,medium,revision,low,afternoon,high,sunday,Pomodoro
1.1810954966776663,1.505454275651952,6.842639755086537,5.020949429556461,40.42579194969323,operating systems,medium,exam,low,morning,high,saturday,Pomodoro
9.60382052943465,1.0626799064732182,6.398317305846565,9.583332638425372,78.52661410153127,general,medium,exam,medium,afternoon,low,friday,Spaced Repetition
6.944227492279881,0.9416328387317963,5.19357867877023,6.415179477584186,43.64098413704094,data structures,medium,exam,low,night,medium,monday,Spaced Repetition
4.182176112690476,0.2649379080357095,8.033695915078912,5.578227466564384,83.26736536688597,data structures,medium,concept,medium,morning,high,friday,Pomodoro
4.865031073708323,0.9414118946318748,4.944229500099462,1.279613172200107,96.814173967631,general,low,revision,high,afternoon,medium,saturday,Pomodoro
9.066533969474092,0.8089821289038188,6.733753692131201,7.351831459332864,89.25041420229105,data structures,high,concept,high,night,low,friday,Spaced Repetition
7.9009152070450215,0.7012853829142938,6.260863766645275,5.801989901982215,40.01446028110807,operating systems,medium,concept,high,morning,medium,monday,Spaced Repetition
3.5170647089179887,0.3830426441002963,7.025580764758189,8.790805327354587,54.48098223024999,operating systems,high,exam,low,afternoon,low,tuesday,Deep Work
9.636329328483106,1.585324953503234,7.62281847306252,5.440074292471424,42.404145180896,mathematics,low,exam,low,afternoon,medium,monday,Spaced Repetition
5.0879297778872274,1.7268600290435345,9.501766678614931,9.971269414109686,49.22104814843481,general,low,concept,low,night,low,saturday,Spaced Repetition
9.394941519154854,0.1566541102984369,8.129313516446416,8.06506152587436,87.71727094286106,data structures,low,exam,low,morning,low,wednesday,Spaced Repetition
5.209738078371972,0.5455877853996915,6.781308507311945,8.99054130333592,67.30745386196617,mathematics,low,revision,medium,morning,high,tuesday,Pomodoro
3.5537095896441038,0.8731634434836488,7.802781855956374,5.050467374985029,60.26902259929384,algorithms,medium,exam,medium,night,high,monday,Pomodoro
1.1206850848491081,0.03889251683909323,9.837769809712249,2.993058022359205,88.33649732885888,operating systems,high,concept,low,afternoon,low,sunday,Pomodoro
4.020483198168112,1.5302131832662618,6.596602490249162,5.357660484903371,78.88612763566428,machine learning,high,exam,medium,night,medium,monday,Spaced Repetition
9.951347684997462,0.9639723736528119,8.536025450644463,5.0708263154620195,42.59021745177649,algorithms,high,concept,medium,morning,medium,sunday,Spaced Repetition
3.12969818323008,1.77949798059076,4.054993301102899,2.8125919251449867,97.54145055837796,algorithms,medium,exam,high,night,medium,monday,Pomodoro
3.2027057167323454,1.762971639177821,6.495481925785057,7.483000322493937,95.09710212279747,algorithms,high,exam,low,morning,high,monday,Pomodoro
1.0971855315056076,1.4020225341900814,4.679618518388114,7.955925197171663,69.5120693150324,mathematics,high,revision,medium,afternoon,low,saturday,Spaced Repetition
3.5032927640401974,0.6490132983378947,9.67073469246932,3.5440062448704315,67.65212411617912,mathematics,medium,exam,high,afternoon,medium,wednesday,Pomodoro
8.801696917243595,1.2525185493248534,8.014321091901687,2.1365512532611204,96.74658983478082,data structures,low,exam,medium,morning,high,sunday,Pomodoro
7.784323416805321,0.43811834611976663,6.658239859810965,6.560318751303578,86.19841709239606,data structures,high,concept,medium,afternoon,high,saturday,Pomodoro
5.5767468859621525,0.6369039336116087,8.3855682155982,3.5894659104102637,84.22381105865051,mathematics,medium,revision,low,night,high,monday,Pomodoro
6.499210703877321,1.2483841457925409,4.792211061339973,7.80610230834592,56.55569787700377,machine learning,low,exam,high,night,low,wednesday,Spaced Repetition
4.207514493699138,0.20189536327208124,9.771329432354248,6.873418136938961,67.3659715997555,operating systems,medium,concept,low,morning,low,wednesday,Spaced Repetition
7.9410233376136325,0.45620075580477026,9.533339908929161,6.333113644883442,62.79545745772087,data structures,medium,revision,high,night,low,tuesday,Spaced Repetition
5.544395236804601,0.35282382085577235,8.876397425828076,5.875842879469138,47.86479170228218,dbms,high,revision,medium,night,high,tuesday,Pomodoro
8.874889192473862,0.16547660697414313,9.49050000014845,3.640137640030806,69.44166075561904,general,high,exam,high,afternoon,high,tuesday,Pomodoro
2.536914340030032,0.5344197909721482,7.054680311125132,2.327085256835214,76.69934053876085,dbms,low,concept,low,night,high,sunday,Pomodoro
9.514680562619482,0.4894311940474019,4.789391839836128,3.7204903044680364,93.70511036597887,machine learning,low,revision,low,afternoon,medium,wednesday,Pomodoro
1.0837926168611831,0.8847874814963872,4.2764150180528056,5.894901290450058,60.31324164622308,operating systems,low,exam,medium,night,medium,tuesday,Spaced Repetition
7.783124639886914,1.936224472812233,8.67731721277157,1.2020432358819222,75.99314728316648,dbms,low,revision,medium,night,high,sunday,Pomodoro
5.818337853745549,0.33824972528835606,5.934698858263898,4.961995536305487,89.99258127746809,mathematics,medium,exam,medium,night,medium,monday,Pomodoro
1.4545672374905392,0.08776217673748721,8.322239276393217,5.000319801800119,55.37754252215305,mathematics,low,revision,medium,morning,medium,sunday,Spaced Repetition
1.7132464551693594,0.3829792298162389,6.317418371794537,5.363728657444932,61.29970694883651,machine learning,medium,revision,high,afternoon,medium,tuesday,Spaced Repetition
6.9388288014613515,0.8631686582350184,8.581618402528083,9.933379467234943,79.54208086594008,data structures,medium,concept,high,morning,low,sunday,Spaced Repetition
8.42353443456166,1.713224672449852,9.566047248997116,9.548462849377291,73.28954779019837,operating systems,low,revision,low,morning,low,monday,Spaced Repetition
2.446420142718871,1.9565309270589482,4.951121404164457,5.387210519175766,61.84726341049033,algorithms,low,concept,medium,morning,low,monday,Spaced Repetition
1.3652714092122558,1.8274549880129185,8.997964831318003,3.678136447967339,87.35743928062628,algorithms,low,revision,medium,night,low,wednesday,Pomodoro
4.263248913352093,0.13281070692099473,9.936097084252236,1.353627506356232,79.29442738887154,data structures,low,revision,low,afternoon,low,thursday,Pomodoro
7.325797996450913,0.13602046390484102,5.162734780140129,2.9310833808356485,84.28904529050138,dbms,medium,exam,low,night,low,wednesday,Pomodoro
5.6664367744801645,0.7046177684183565,5.404346650104995,1.448029013707394,56.11000457184972,general,low,exam,high,afternoon,medium,sunday,Pomodoro
5.4039047272760925,1.0251524318484233,5.606645887624705,5.094556991577997,68.24709982076243,dbms,high,exam,low,afternoon,low,wednesday,Spaced Repetition
5.466656129505758,1.0889226642983372,5.010643306791492,7.8441814564846,99.09574650648949,machine learning,medium,revision,high,afternoon,high,thursday,Pomodoro
5.084619074262204,1.081221988649458,9.097601049894749,5.321214456745358,62.392442146307616,machine learning,low,concept,high,morning,high,tuesday,Pomodoro
5.6724673561708645,0.596115143589619,6.5352362813431295,3.685039692287489,55.78155014456704,dbms,medium,concept,high,night,low,wednesday,Pomodoro
4.878847565625326,0.34957343009031594,9.9226005155447,6.05035191191657,81.24621165645203,dbms,high,concept,medium,night,low,saturday,Spaced Repetition
4.814273666562168,1.29972784340515,4.148183786116668,8.292332174655582,72.19469140171722,operating systems,low,exam,high,morning,high,tuesday,Pomodoro
7.174218015423019,0.4998034432737797,4.393604589670177,7.215537811479727,74.34446355806591,mathematics,medium,concept,high,night,high,tuesday,Pomodoro
3.9946073858546995,0.14236047263617246,4.537121180781054,4.9040044696643825,61.34758766925958,data structures,low,exam,low,afternoon,high,thursday,Pomodoro
3.6897686990818093,0.3859680158780572,4.697083445524535,6.546286365137312,66.63135946843417,operating systems,medium,concept,high,morning,high,monday,Pomodoro
7.60805021067475,0.11021927988133351,9.327237591107982,7.326925535321376,52.967559900925735,machine learning,medium,exam,high,morning,high,wednesday,Pomodoro
2.896359985674156,0.45506775387292664,5.677608595870791,2.146672645258861,78.35577299088177,operating systems,low,revision,medium,night,low,saturday,Pomodoro
7.948805714931566,1.684742667636644,8.563639488340371,2.5138998319018744,90.01444657874421,general,low,revision,low,afternoon,high,saturday,Pomodoro
6.436044979655501,1.742667184680565,9.99342819857846,6.469864918690821,64.28235245975021,machine learning,medium,exam,medium,morning,medium,saturday,Spaced Repetition
6.4986354948902925,0.08024924052201898,9.408680977230278,6.016863513378878,92.10856907216618,operating systems,high,exam,medium,night,low,monday,Spaced Repetition
8.361137591491955,0.07672772271140227,9.224783034028679,5.614749098145366,63.89501409180477,machine learning,medium,revision,low,night,low,wednesday,Spaced Repetition
1.8558428293965652,0.10842348841198612,8.352868204092921,1.7295360748984283,82.9871788935274,machine learning,low,revision,low,morning,high,friday,Pomodoro
8.267301420867181,0.2187118062189577,6.383747757675434,4.031629313024374,74.1689432881955,algorithms,low,exam,low,morning,low,thursday,Pomodoro
9.574055798491681,0.8097197792362887,7.038103319684874,9.743647211237253,56.574336497388614,mathematics,medium,revision,medium,morning,high,saturday,Pomodoro
8.953600499482482,1.1229558874733536,5.1156018452463075,3.0193225812863744,69.63095174248602,general,medium,exam,medium,afternoon,high,thursday,Pomodoro
5.943416440135984,1.4967216668572394,8.7035715307168,3.9214791828725017,83.26955609283263,algorithms,high,revision,medium,morning,high,tuesday,Pomodoro
6.268378805118607,1.0952322013074942,7.842899758853273,3.3350425396126866,45.07892521507774,dbms,low,exam,medium,night,low,friday,Pomodoro
8.101365437818425,0.7019512478521828,6.427922449891301,4.543136973915516,51.51239106427009,algorithms,high,revision,medium,morning,medium,friday,Pomodoro
1.4201633790934638,1.559063363647866,5.515516040108345,8.466794248176356,82.23620002207093,dbms,medium,revision,low,night,low,friday,Spaced Repetition
7.080796574783997,1.0851509050711603,5.398267769601235,6.1626507214861705,89.29213467338117,mathematics,high,concept,high,morning,high,sunday,Pomodoro
4.533289753250001,0.6840453284959633,8.99343464025065,3.4731802969111047,83.98918138639513,algorithms,high,revision,low,afternoon,medium,thursday,Pomodoro
6.227171468681282,1.4287751240745847,9.499858616163497,7.349469867411615,80.30675621529195,machine learning,medium,concept,low,morning,high,monday,Pomodoro
5.403069101841516,0.7658747645832342,5.332493129253939,8.421637175208037,76.50100279190072,operating systems,medium,concept,high,morning,high,tuesday,Pomodoro
9.978243336513751,1.7738842217657347,8.862619513693751,4.368753940656922,53.87885093573761,algorithms,low,exam,high,afternoon,medium,friday,Pomodoro
3.8128928701305,1.8288834589746767,9.043795868914751,8.628762965583297,86.29418356334958,general,medium,concept,high,afternoon,high,friday,Pomodoro
2.609569616570194,1.8038322156757656,6.3831213179027735,3.2075137447693063,66.90447046095598,operating systems,low,concept,high,morning,low,friday,Pomodoro
1.830421041064865,1.4590338571462442,6.083725996916048,7.1294510055740075,62.372590552130674,data structures,low,revision,medium,morning,high,wednesday,Pomodoro
5.397444332901863,1.2064442713159274,5.953486795114069,9.852375697648968,80.04106978302376,general,high,revision,medium,morning,low,sunday,Spaced Repetition
6.013061256818157,1.7879453368488585,9.846096739144183,1.4163572560599995,61.34644505203961,machine learning,low,revision,low,night,medium,thursday,Pomodoro
5.351698606284743,1.3708810447425828,8.674032363544226,1.1804743880560769,93.4281744390334,dbms,low,exam,low,morning,low,friday,Pomodoro
7.49158542076444,0.31285383764323815,9.099624948428342,7.535705354758946,90.50952186191574,machine learning,low,revision,low,afternoon,low,wednesday,Spaced Repetition
6.785218451458742,1.3856023972598175,9.225805599175256,4.081006742148917,86.18633844313513,machine learning,high,revision,high,afternoon,medium,tuesday,Pomodoro
7.74383819628191,1.9293809576569219,4.441380125294594,1.4809114215191546,96.25302024444031,general,high,exam,high,morning,medium,sunday,Pomodoro
3.4505709463732077,0.3387929992631571,7.724912821035351,7.470916811679098,74.17127672092195,operating systems,low,exam,high,night,high,sunday,Pomodoro
2.1415953420333746,0.92385040841147,9.068750427195468,9.078059741078441,55.87897029992569,machine learning,low,concept,low,afternoon,high,sunday,Pomodoro
4.197606788973869,0.09832165831009632,4.186341256210934,5.987631299039189,85.72196326234307,dbms,high,exam,low,morning,low,saturday,Spaced Repetition
4.934548446041594,0.5589388824592971,7.491191599028247,1.4981481029628567,48.67478261437508,mathematics,medium,revision,low,morning,low,wednesday,Pomodoro
5.986525451141897,1.861665728351615,4.032093932165337,7.734149255628101,94.18303918615092,mathematics,high,exam,low,night,high,wednesday,Pomodoro
8.258463514947207,0.35929063172826337,9.757565230166442,4.466463649952864,60.4941779766565,general,medium,concept,low,afternoon,high,wednesday,Pomodoro
6.987455526132197,0.15739715341501892,7.622530863025678,2.4753854885788247,84.15721363091069,dbms,medium,concept,medium,morning,low,tuesday,Pomodoro
9.292774013886948,0.2572481208783841,6.6746724853568224,8.338191614700053,93.35912559569917,mathematics,low,revision,low,afternoon,medium,monday,Spaced Repetition
8.935455757558566,1.7836404228132257,5.178647891336715,6.524613505069518,45.26305850319786,general,high,concept,low,night,low,tuesday,Spaced Repetition
3.5428677729619924,0.756049898868804,4.617676868201717,7.471205383902409,70.23332780747641,machine learning,medium,concept,low,morning,medium,wednesday,Spaced Repetition
1.231681687724946,0.6820957456612471,8.8198274411082,9.075686461747647,71.09309893815565,algorithms,medium,concept,high,night,medium,sunday,Spaced Repetition
4.077410442172539,1.8484368696853202,4.14634595866058,6.232824053821784,72.93595146996026,operating systems,low,revision,high,night,low,wednesday,Spaced Repetition
2.3220474752163947,1.7116458142478073,8.085503275703509,2.679206493282772,56.16158203981227,general,low,concept,medium,morning,high,thursday,Pomodoro
4.43106957497389,1.98142511724621,5.485702523048311,5.558107393328626,90.66414059143193,algorithms,low,exam,low,night,medium,monday,Spaced Repetition
5.135520399132857,0.7250194626442472,7.519877966649551,6.619354281312493,79.19737245408176,dbms,high,exam,medium,morning,medium,sunday,Spaced Repetition
7.437403742583199,1.1134646155184356,9.128443711551872,9.36624785137812,51.05319395778156,operating systems,low,concept,medium,night,medium,saturday,Spaced Repetition
5.754039469544412,1.3237567760893825,5.244816628353263,9.152651728889161,90.31295242148758,mathematics,medium,concept,medium,night,medium,friday,Spaced Repetition
1.6051657064683296,0.92937893689033,8.924415044894381,6.530869163991839,89.9297472237471,algorithms,high,concept,low,afternoon,medium,monday,Spaced Repetition
3.2507422202254763,1.6731047823392275,7.073802165492799,2.2171707212185123,74.25949427955871,general,low,concept,high,night,high,tuesday,Pomodoro
3.6089261158047368,0.029030189055217592,7.449034227159249,4.620472906882902,62.47895314088972,operating systems,medium,revision,medium,night,low,sunday,Pomodoro
6.3973397206729015,1.5529737626313336,8.49494693905919,3.9589685874333167,76.65160501101101,general,medium,concept,medium,afternoon,low,thursday,Pomodoro
4.743906471777175,1.493341929573274,4.562931234372659,5.613255128192594,73.85168750792472,machine learning,medium,exam,high,night,medium,sunday,Spaced Repetition
5.336230982850473,1.1424278192295951,8.953184940080497,3.4771249533801023,44.51212172576815,machine learning,medium,exam,high,morning,medium,monday,Pomodoro
4.591984155172563,0.8308780325193217,6.447775613234358,3.920986987578335,86.90122586598385,general,low,exam,low,night,low,monday,Pomodoro
8.299785215802325,0.17515114683234945,8.834052274256225,7.022652869792287,83.94648754782696,general,low,exam,low,morning,low,friday,Spaced Repetition
5.02092851021427,0.9456512497926048,7.861457336438921,1.9726974429974948,66.17466690185904,general,medium,exam,high,morning,high,monday,Pomodoro
1.952203234817259,1.2570880617577223,4.570241443909716,1.854582826764979,83.69100143130893,general,low,exam,medium,morning,high,wednesday,Pomodoro
5.587813602107842,1.170521751019693,6.156033943094723,5.2782316091278165,61.810867442156,algorithms,medium,concept,low,morning,low,monday,Spaced Repetition
9.13943021198971,1.9376328829667533,9.95135714391785,8.10785596361171,79.81012416431543,algorithms,high,exam,medium,night,high,saturday,Deep Work
9.043967689857503,1.0596181141401082,8.016090104576776,8.484165333194074,49.01863734903813,algorithms,medium,exam,low,night,low,thursday,Spaced Repetition
1.278735430802591,0.5497913165141755,4.196799245661376,4.783018502759491,93.70600174397467,dbms,medium,exam,low,afternoon,high,wednesday,Pomodoro
1.3230347607003918,1.8297156118415192,6.11209949501127,4.697281009087126,41.10229927228627,machine learning,high,revision,high,morning,low,wednesday,Pomodoro
7.194636985845295,0.43944550022079376,6.632030180818293,8.038016430345472,87.03715108587045,dbms,low,revision,low,night,low,saturday,Spaced Repetition
3.0558326707757812,0.548023560771095,5.889046932452413,2.051236969605568,56.389577222196706,dbms,high,concept,medium,morning,medium,tuesday,Pomodoro
7.185547039718149,0.19150839732671532,9.535434429434801,6.116249819411376,61.82353126814105,operating systems,low,revision,high,night,medium,monday,Spaced Repetition
7.055695340287221,1.6860738938554065,6.392929161544345,5.699138440889592,64.09250428031694,algorithms,medium,exam,medium,afternoon,low,tuesday,Spaced Repetition
5.480822624628873,1.6836174180576378,8.808112349621492,4.694543392135209,53.8050695114485,mathematics,medium,concept,low,morning,high,saturday,Pomodoro
1.535321467975506,1.221815044316793,6.269240703238467,8.14506089675065,92.4648732517887,machine learning,medium,exam,medium,night,medium,tuesday,Spaced Repetition
5.801306283156634,0.10551322966418164,6.741633099389494,9.47942125326994,93.27156098413316,dbms,low,revision,low,night,high,wednesday,Pomodoro
5.244477136669831,1.4219758829273659,6.634248932926887,2.0151722697991925,82.3529466809033,general,high,concept,low,night,medium,thursday,Pomodoro
6.784962954564633,0.6555424116824378,9.160441113938756,2.103652449802059,66.00782198398743,general,high,concept,low,morning,medium,wednesday,Pomodoro
3.1427669152640583,1.640553719537309,5.255930896282102,3.167902573349344,47.793928272208646,data structures,medium,revision,low,night,high,monday,Pomodoro
3.24963083115546,1.2190570195081272,7.511168712357123,4.327640297854199,69.16345251416085,general,high,concept,low,afternoon,low,thursday,Pomodoro
6.946546537982364,1.9012127431597456,8.378070481883448,1.468412548805183,93.05471043573725,mathematics,low,revision,low,afternoon,medium,wednesday,Pomodoro
3.881675974636498,1.82688939695118,6.455352881150776,7.734103448441583,46.80773150239444,operating systems,high,revision,medium,afternoon,low,wednesday,Spaced Repetition
8.210543529657922,1.2087614381656162,5.19125715320921,5.453456109592781,84.53861473202346,machine learning,medium,revision,medium,afternoon,high,tuesday,Pomodoro
6.9702634986084355,0.8164750386925974,5.682779345227915,7.579926847032059,54.531006735626065,mathematics,low,revision,high,morning,low,wednesday,Spaced Repetition
9.864552847254798,0.05767265384341069,6.02883993090285,1.9706793810607823,55.73829588306637,data structures,low,exam,medium,morning,medium,saturday,Pomodoro
9.738142403048824,0.7472113190681182,8.088763675103028,1.5718215018152673,63.77484080898436,data structures,low,revision,high,afternoon,medium,friday,Pomodoro
7.331755061633774,1.2897120868594536,6.243632281622648,9.558472166792509,41.33216877927102,general,high,exam,high,night,low,wednesday,Spaced Repetition
5.807983689381226,1.6476034998410758,4.6188805652701665,9.487186386811626,87.70437287086983,operating systems,high,revision,medium,afternoon,high,saturday,Pomodoro
8.049610831949797,1.9255696159614644,4.759935237083163,4.785672131909374,68.85649648505822,general,medium,exam,medium,night,high,wednesday,Pomodoro
1.9735244879568339,1.9733935921608476,7.7160894937530236,6.857797557287267,51.933502176281046,dbms,high,exam,low,afternoon,low,monday,Spaced Repetition
7.57463188623694,0.0806504794419014,4.568610826207564,1.061093566212308,49.17659118852557,dbms,low,concept,medium,morning,high,monday,Pomodoro
9.425130143861212,1.0403204460487914,6.188908577847141,8.860523121182975,63.69941623294195,machine learning,medium,revision,medium,morning,medium,friday,Spaced Repetition
3.606244342036544,1.1543994928451229,4.395352990191836,2.721602410268629,64.44431629668092,algorithms,low,concept,medium,morning,medium,saturday,Pomodoro
4.9170764620848155,1.8936851033350317,6.8055336909926005,8.874454650424042,88.64968680173625,general,low,concept,low,afternoon,high,tuesday,Pomodoro
9.807886732041684,1.453208874663738,9.572376215664013,8.238742416599651,49.786880507000724,machine learning,high,exam,low,afternoon,high,monday,Deep Work
4.235888300680031,0.2516046726921026,7.535989869686368,5.726267665926667,52.17961355147183,machine learning,high,concept,low,morning,medium,friday,Spaced Repetition
7.324644693606282,1.5854068115615028,7.774705471805601,2.3739234808670537,82.61039599540965,algorithms,medium,concept,medium,afternoon,high,friday,Pomodoro
4.2392263259382705,1.3356124399732339,4.24357591181424,4.516776861103037,87.45098065799075,operating systems,medium,revision,medium,morning,medium,monday,Pomodoro
9.829265402035686,1.2274159390874946,8.761224413372986,1.7703959754049148,51.0074730855319,algorithms,high,exam,high,afternoon,high,thursday,Pomodoro
4.285845282086253,1.2229897054383982,8.176188441934682,4.082276972676738,46.47774688665013,general,low,revision,low,morning,medium,wednesday,Pomodoro
1.3028475105912394,0.28221929666529855,7.652787761082362,2.6136661173404363,53.54578449250169,general,high,exam,medium,afternoon,high,wednesday,Pomodoro
2.148113362278558,1.8066022547775187,8.03367297684448,9.077757601391781,66.82963027183982,operating systems,medium,concept,low,morning,medium,wednesday,Spaced Repetition
9.605195707081322,1.396545187061093,5.24662377663837,1.1825228340512273,68.76494791762612,mathematics,medium,exam,low,morning,medium,saturday,Pomodoro
9.938386932311445,1.516605234421037,8.761794485533485,6.548147904059177,99.15535953820105,algorithms,low,revision,medium,night,medium,thursday,Spaced Repetition
3.6880494164879476,1.7338820856610246,8.480459846788959,8.71988993535198,69.69896768274765,general,low,revision,low,afternoon,low,saturday,Spaced Repetition
2.8983460249586073,1.3450448084762787,8.225554447014517,6.027601031795705,94.21707218792264,general,medium,revision,medium,morning,medium,friday,Spaced Repetition
4.886245907073208,1.5716169684887,6.774740902390888,9.468692090585144,69.18232604950886,algorithms,low,concept,medium,night,low,wednesday,Spaced Repetition
1.2400908634798529,0.02485118758786453,9.278862614318111,1.4057997040485093,83.87326659239477,general,medium,concept,medium,night,low,tuesday,Pomodoro
5.935608430677205,0.39462794115211985,5.9035312986982,3.537365965764047,71.85154205730855,mathematics,high,concept,low,morning,medium,friday,Pomodoro
5.654087993019974,1.5272209592283172,6.683994559997126,8.10878158931985,77.10077842272744,mathematics,high,concept,low,night,medium,monday,Spaced Repetition
7.691898426735651,1.1614742795947037,6.328798486013496,2.5368425510534705,53.61022613952971,dbms,high,exam,medium,morning,low,wednesday,Pomodoro
1.6001407032672212,1.6593373605301902,7.374270282306413,7.037440126983418,82.18563422556596,machine learning,low,exam,medium,night,low,saturday,Spaced Repetition
9.726011877008668,1.4925086902925766,5.053600838251104,1.5808229546020862,74.65968620317982,dbms,low,exam,low,morning,medium,tuesday,Pomodoro
8.649888338521095,1.6925746729729203,6.1381998265303395,8.492488308873696,91.04670941995963,machine learning,low,revision,high,afternoon,high,monday,Pomodoro
4.096679440333201,1.994263788316732,8.634465997763705,7.851479107153713,97.31456609724063,general,high,concept,high,morning,medium,thursday,Deep Work
3.0525563521001793,0.023052028105970512,4.782044341414432,3.783413003497258,47.01272563545634,machine learning,low,concept,low,night,medium,wednesday,Pomodoro
1.416323703351555,0.5324913987880069,6.983214421339318,4.779448168134143,51.51016687606064,operating systems,high,exam,high,night,medium,wednesday,Pomodoro
2.8615339955494763,1.3080461553175209,6.497302186193886,2.616933601269208,81.34654488920944,mathematics,medium,revision,low,afternoon,high,sunday,Pomodoro
2.03509843145288,1.3896414597434414,6.649283733278983,9.504863070002587,48.496681037073955,data structures,medium,exam,low,morning,high,friday,Pomodoro
9.11337265990674,0.5407664706213127,8.821250660958565,9.960437816231554,55.15978013027694,general,high,exam,high,night,medium,sunday,Deep Work
2.98116319777774,0.5638737686835169,6.6615982079091225,2.5399223057206166,92.39526140150036,machine learning,medium,revision,medium,morning,medium,friday,Pomodoro
2.4008319348543172,0.7838823795768748,6.940025504586061,1.9936854790905363,65.17082256025103,operating systems,low,exam,low,night,low,monday,Pomodoro
3.0842469216009945,0.3624360872272345,8.861819794739995,2.215343230124927,68.11909821978311,machine learning,medium,exam,low,afternoon,low,monday,Pomodoro
2.5312846615944213,0.6322097758817913,6.546956996059211,3.7839180192240063,56.83813479259095,algorithms,medium,concept,high,night,medium,friday,Pomodoro
2.047136048716634,0.720324306427583,9.809247566220197,9.30637070290546,93.0445177786111,dbms,high,revision,high,morning,low,monday,Deep Work
5.350528600139138,0.5270143070417137,6.138860025086725,2.4649849092283187,69.34804190295444,general,low,concept,medium,night,medium,tuesday,Pomodoro
1.2025389468581782,0.8882260103508128,8.688137310371202,7.120414507368428,78.10941933183611,general,high,concept,high,morning,high,monday,Deep Work
6.192705794215339,0.3043492037638358,5.059858179222817,3.568252473980692,97.35220259611117,algorithms,low,concept,medium,afternoon,high,sunday,Pomodoro
4.017961067130419,1.6317105114913808,8.815387206091744,8.611377235450544,46.93107400641893,general,low,concept,high,afternoon,low,friday,Spaced Repetition
2.5035010252190713,1.985661650889394,7.378077659029978,4.2095961894344684,57.29216163100233,general,low,concept,low,night,low,friday,Pomodoro
7.154587275808253,1.5840891820979224,5.75644929149896,1.7126776819776326,69.26937024291286,machine learning,high,exam,low,morning,medium,saturday,Pomodoro
3.5818018748451457,0.5371592086659331,9.166377618878316,1.6287572861619553,80.65667092597565,algorithms,low,concept,medium,afternoon,high,wednesday,Pomodoro
8.965137920925327,0.4430543038047341,6.781287035553531,5.232916431434857,92.41451834558404,data structures,low,concept,high,night,high,wednesday,Pomodoro
2.305294603748996,1.4736102134419982,7.608321915890716,6.899081108442077,40.52014539070786,dbms,low,concept,low,morning,medium,monday,Spaced Repetition
6.898448795171079,0.8367260768575862,8.284918878353043,8.751090045343473,49.28109089109167,operating systems,low,revision,high,night,low,monday,Spaced Repetition
2.393341793845617,0.7392862352450429,5.975831877187596,4.811865195173573,74.29819707844796,dbms,medium,revision,medium,afternoon,high,friday,Pomodoro
1.1349865033942301,0.3222000465128445,9.97607670029349,2.619996549496182,70.15285640332138,dbms,medium,revision,low,morning,medium,sunday,Pomodoro
4.87444225088359,0.9344826888176743,5.440508211619863,9.051380860158746,72.55287173803876,machine learning,medium,exam,high,night,high,tuesday,Pomodoro
5.543873335857763,1.774213025037341,6.148868687174833,4.407781450636847,65.08784097825587,operating systems,low,concept,low,morning,medium,friday,Pomodoro
9.344858183117479,1.1771721946985085,6.44643529714957,6.860592646692564,86.07800546858832,algorithms,medium,revision,medium,morning,low,thursday,Spaced Repetition
5.83452389443626,0.4070710449636097,4.934509737193179,8.923797125862443,66.02342216988527,mathematics,high,exam,low,night,medium,tuesday,Spaced Repetition
1.1176888075715337,0.343401673100618,7.922587018559417,1.2292542256159642,43.81653977059004,algorithms,medium,exam,high,afternoon,high,sunday,Pomodoro
2.5333052570337804,0.9994113466693106,7.563643725660432,2.335615268375938,63.93048471681824,general,low,concept,high,night,high,monday,Pomodoro
4.03229721769071,1.1709718766300712,5.893921761893944,1.7824560462302874,53.37700051346522,algorithms,low,revision,low,afternoon,high,thursday,Pomodoro
5.670436278382812,1.2115189787179441,9.777222964010857,6.305237227839221,68.27035356268851,dbms,low,concept,medium,afternoon,medium,monday,Spaced Repetition
6.833320687440801,1.496414236790255,9.435841981055564,8.771918785042859,80.44350716522175,dbms,low,revision,medium,afternoon,low,wednesday,Spaced Repetition
9.002074201546986,1.6904511163214797,7.152591989857854,7.22354991232235,93.00098206132624,data structures,low,concept,medium,night,low,saturday,Spaced Repetition
8.791545133961144,1.4488446805386301,6.422866031484995,2.9327005216752164,61.35810344993419,operating systems,high,concept,high,afternoon,low,sunday,Pomodoro
5.326031010745691,0.8959909093377363,4.724677134595472,4.835037509477015,57.25320738525549,dbms,high,revision,medium,night,medium,friday,Pomodoro
5.64891859350336,1.0094789507607034,4.897295911341667,1.934554474998348,47.41434943596943,general,high,revision,low,afternoon,low,saturday,Pomodoro
8.488852624748034,0.7225327768119791,5.280178408197827,4.46545611283255,84.37647814000823,mathematics,high,exam,medium,morning,medium,thursday,Pomodoro
3.2788673347812165,0.4978579754291874,7.542285791223165,1.631062411722907,41.57786360108011,machine learning,medium,concept,low,night,low,sunday,Pomodoro
3.369215573474899,1.1124727880515455,6.4684655905627935,9.529595236056748,47.58220851682031,algorithms,low,concept,medium,afternoon,high,tuesday,Pomodoro
8.307833416171391,0.6390429036149516,4.981330230482909,4.922635235622474,67.13647073734833,general,low,revision,high,night,low,wednesday,Pomodoro
7.013625957621146,1.7916242027971574,4.346729182119185,2.265880053103001,82.99791620212189,operating systems,medium,exam,medium,morning,medium,friday,Pomodoro
7.878916001860333,0.9853486606220059,6.03396382096944,2.3221801812063427,73.12964961826074,operating systems,medium,revision,low,morning,medium,thursday,Pomodoro
6.999520479348565,1.210687255888461,4.522492297548572,1.3286834144323647,77.2173191553151,data structures,low,exam,high,night,high,friday,Pomodoro
6.645853705221681,0.6029768307087189,9.80812576736577,7.326527937552159,48.20333658240795,dbms,low,concept,medium,morning,low,wednesday,Spaced Repetition
4.696303605278888,1.4408321381846858,7.069217165408751,9.492086954412793,42.51282363032653,general,low,concept,medium,morning,low,monday,Spaced Repetition
6.161496264416944,1.707259857055914,5.45156636871542,8.886631136715437,41.142604556457506,algorithms,low,exam,medium,afternoon,medium,monday,Spaced Repetition
6.873520615726181,0.12259758889844719,7.153476244373451,5.46980691150554,48.65006894908297,operating systems,medium,revision,high,morning,high,sunday,Pomodoro
6.168641857377162,1.2440589585040185,7.034453790132666,8.353919197023535,91.66052927848082,mathematics,medium,exam,medium,morning,high,wednesday,Pomodoro
5.068393989218215,1.3836937598919363,7.824354987610809,7.447190345866783,53.455502989073906,algorithms,low,exam,high,afternoon,high,wednesday,Pomodoro
1.8539580713281718,0.6660152661044885,6.241397716234483,2.9287006509059075,75.10729965562749,algorithms,low,concept,low,afternoon,high,thursday,Pomodoro
7.207313813756818,1.449741707159761,8.188701544501141,3.7987571924472996,45.979835324606555,operating systems,medium,revision,high,night,high,thursday,Pomodoro
2.260403309208061,0.6441611506325315,7.471512091557699,1.6758428122478257,96.6014379225929,data structures,medium,concept,medium,night,medium,wednesday,Pomodoro
5.783373345740544,1.7437324917018895,8.124246506186786,2.0042408181991727,48.86477946627767,algorithms,medium,exam,medium,afternoon,medium,saturday,Pomodoro
5.346049929387388,1.0281613912385463,8.975090679699505,4.994052213541021,74.25118153265876,data structures,high,exam,low,morning,low,saturday,Pomodoro
7.4934025581850525,0.011856430673756302,7.554644532390757,8.62665521436313,61.41399323048529,dbms,low,exam,medium,afternoon,high,saturday,Pomodoro
6.485007675945509,1.287104245974835,4.5280361650687135,9.041811251485932,63.3559838085429,algorithms,high,concept,high,afternoon,medium,sunday,Spaced Repetition
3.7310789480464557,1.7278716149199096,8.689138777198403,9.377269051102857,54.745018731153266,operating systems,low,revision,low,night,medium,sunday,Spaced Repetition
7.961266160404911,1.7502419847649888,4.159615381579384,6.057832074637413,52.85532606059107,algorithms,high,revision,high,night,high,monday,Pomodoro
6.891095721012383,1.9081878298046013,8.650965571173622,8.23271632438324,71.89604494107361,mathematics,medium,exam,high,morning,low,sunday,Spaced Repetition
3.4748127277627616,0.15929025806953168,6.577616460691281,5.988903382752898,59.724759300976395,mathematics,low,exam,low,night,low,monday,Spaced Repetition
7.962826555498006,0.9112327479336813,7.671424508603945,4.36167697808567,82.1168320071884,dbms,medium,concept,low,night,low,friday,Pomodoro
2.8334565394989992,0.6807696753550982,6.859407661480111,3.664589590350524,70.89576972354897,machine learning,low,concept,low,afternoon,low,tuesday,Pomodoro
5.728244336375482,1.4498205436721687,6.616289787835527,6.670311197881944,60.43455624526712,data structures,low,concept,high,morning,high,monday,Pomodoro
3.5799452315832068,0.7339156636339905,4.503387763773456,1.4704873504498515,55.207427780380975,dbms,medium,exam,medium,morning,medium,saturday,Pomodoro
3.6328638563341284,1.3677867095553538,8.76878652892466,2.0157234844932743,72.01128585885903,dbms,medium,exam,low,afternoon,medium,saturday,Pomodoro
9.97291452531296,0.8511117553934351,6.089383838244212,7.391888634846384,61.83396438971995,data structures,low,revision,low,afternoon,medium,monday,Spaced Repetition
7.321757753353282,1.268183890159678,9.907866216240198,2.2443880948918395,65.78422053578672,algorithms,medium,concept,high,afternoon,medium,friday,Pomodoro
6.141880138897925,1.9062492250159302,7.1004162696403865,8.37196593559919,72.82765855413403,algorithms,medium,revision,high,night,low,friday,Spaced Repetition
8.7321732377611,0.4567112283576953,5.320658980114981,2.8105567040251067,95.34993377815019,machine learning,high,exam,medium,afternoon,medium,friday,Pomodoro
9.373299921113766,0.7292799820275659,9.14596238225354,3.396101450660213,70.87161619493443,dbms,medium,exam,high,afternoon,high,sunday,Pomodoro
7.5035055235100465,0.40900867738559166,6.027819875442873,5.2286089148530746,59.84757948565934,data structures,high,revision,low,morning,low,friday,Spaced Repetition
8.686147003019078,1.6049196306747409,4.248246294803559,4.409983812993447,42.08296913103367,machine learning,medium,revision,high,morning,low,thursday,Pomodoro
3.600433149918244,0.17249834260792984,9.619393669948037,4.403767145753971,74.584333087218,operating systems,high,exam,high,afternoon,high,saturday,Pomodoro
4.1582988546911155,1.8610585353480373,8.79807048192161,4.895214051036858,69.58460258725444,operating systems,high,revision,low,night,high,wednesday,Pomodoro
1.3763946140781882,1.2477778863259408,7.3750727148119,4.619180395259888,78.6336365063926,general,high,revision,low,afternoon,medium,monday,Pomodoro
8.922231950280073,1.921808308257919,9.358008174378982,7.472602216467816,75.09956401634932,algorithms,high,concept,low,morning,high,saturday,Deep Work
3.4170142655857694,1.5532136795927811,7.31333368104308,6.948764385847082,59.37406411467406,machine learning,high,revision,medium,afternoon,medium,friday,Spaced Repetition
1.2822541192412955,0.3405382742571885,7.797603282826268,4.778833346040441,70.48982742749048,machine learning,low,revision,medium,night,low,tuesday,Pomodoro
5.474384342945845,0.2695715698348762,6.976452871003187,2.5219351037858635,47.568147177745914,algorithms,high,concept,low,morning,low,tuesday,Pomodoro
9.180828027233778,1.275860979159331,8.615019217141525,4.317062221249424,97.60071284914753,machine learning,medium,concept,high,night,low,friday,Pomodoro
3.5706393971521937,0.5418184464937423,9.132448972625728,1.286963156877329,44.56599933884646,machine learning,high,concept,medium,night,high,friday,Pomodoro
1.051935951636712,0.8586455314083905,6.447309561102154,2.0255074250008915,80.56850731608742,algorithms,low,revision,high,morning,low,monday,Pomodoro
9.5852872346205,1.628417534109326,9.42389017953571,1.1407896577669072,96.03152774714437,operating systems,low,revision,medium,night,medium,thursday,Pomodoro
2.3773833744743915,1.0111716623687952,6.479220283581153,8.891582786935821,47.56332588164221,mathematics,high,concept,low,afternoon,medium,wednesday,Spaced Repetition
7.182571972468945,1.5838130768444738,7.498111884664818,9.180259697093085,96.5194868130323,machine learning,high,exam,high,afternoon,high,wednesday,Deep Work
3.222669017456388,1.5797714759036856,7.8072096001966464,5.794404598350868,63.551571905069636,machine learning,medium,exam,high,night,high,saturday,Pomodoro
5.035302418884188,0.5121768524768475,4.722042641458312,1.8868354045096662,85.44775140044132,general,high,revision,high,afternoon,high,thursday,Pomodoro
2.138322310221785,0.8289619585087198,4.088853166795751,8.569404842613043,70.80987768051143,operating systems,low,revision,medium,night,low,saturday,Spaced Repetition
3.417392453509773,1.0687711284705264,8.995654078230313,4.616557171209287,83.0185164132129,general,low,exam,medium,night,medium,thursday,Pomodoro
4.212435681533215,1.9790399190017343,5.575434228615742,3.29322939428526,86.33554987919186,dbms,high,revision,high,morning,high,wednesday,Pomodoro
6.099076029071264,1.9146272263827457,5.9089796225359255,2.976571409314035,80.64800613606772,general,high,exam,medium,morning,low,thursday,Pomodoro
3.612553095832843,1.0823761117140487,4.142298161834743,1.7181021127060032,65.07817261519162,mathematics,low,revision,low,afternoon,low,thursday,Pomodoro
6.79311312361448,1.2186074379130147,6.80414372998967,6.638370759736816,87.71299519182296,machine learning,medium,exam,medium,morning,low,sunday,Spaced Repetition
7.016397588850636,1.259841008122519,4.10700274116174,5.8704540319059255,45.30921374194084,data structures,low,exam,low,night,high,friday,Pomodoro
2.6155023444491556,1.5312096365155847,6.961184981395725,8.926016162951335,63.834527888010115,operating systems,low,revision,high,morning,low,tuesday,Spaced Repetition
5.997369903471462,0.1998637541088193,8.830106159407766,4.328997630833124,78.91204954200055,dbms,medium,exam,medium,afternoon,low,tuesday,Pomodoro
5.1612560573296,0.14866310272069172,9.864214364665816,8.59228251034186,50.6950086374778,mathematics,high,exam,high,morning,high,wednesday,Deep Work
7.448286363779502,0.7729874457278274,5.267577501629178,6.69409331357224,98.56083553592765,algorithms,medium,revision,high,morning,high,monday,Pomodoro
5.249050698099168,0.7658186563595712,5.506950408149715,6.437849318769738,92.79112288232295,data structures,low,revision,high,night,medium,sunday,Spaced Repetition
8.399900397769338,0.5912045550084426,8.232176145380091,5.618941676015968,75.15385620116541,mathematics,medium,concept,medium,night,high,wednesday,Pomodoro
5.920115498999083,1.4185942738353305,4.30021501860854,1.6245578344648788,88.16074976235514,algorithms,medium,concept,medium,night,medium,sunday,Pomodoro
1.7187078212403084,1.5559688519769086,6.958174627126236,6.077142493857968,79.23588160102722,dbms,medium,concept,high,morning,high,wednesday,Pomodoro
9.878029534240628,1.4301527347555514,7.687846714327011,1.4233514807327312,92.74661343357789,dbms,low,revision,medium,night,low,friday,Pomodoro
6.220346391108302,1.439389142921675,4.565442102863485,6.703908938186463,57.181964073229516,mathematics,high,revision,low,night,high,tuesday,Pomodoro
2.623203714534867,1.6830314481242463,4.066170690994817,3.8091544919029534,40.75570229016561,mathematics,medium,concept,low,morning,high,saturday,Pomodoro
1.781766171875645,1.4034272681321904,4.315852675762967,1.5337800532098713,58.31955394199598,machine learning,low,exam,medium,afternoon,medium,saturday,Pomodoro
5.657149084458621,1.8487086923876008,7.294499335412337,6.246986317464841,64.09918754586282,mathematics,low,concept,high,morning,medium,thursday,Spaced Repetition
8.458004291802347,1.645776136587004,5.133221120577126,7.310270182452192,57.43857815839186,data structures,low,revision,low,afternoon,medium,saturday,Spaced Repetition
4.472312695833605,1.4284308737146276,4.4170526286915175,9.749499613666213,40.85661890114994,operating systems,low,revision,medium,morning,medium,thursday,Spaced Repetition
8.134097390151641,1.7751249168253662,5.698101795302618,4.941675675663116,61.29970246230121,machine learning,medium,concept,high,morning,high,monday,Pomodoro
9.911582142676465,0.15170311456470986,7.970744282887125,5.034052130734801,66.79611406639935,algorithms,low,concept,medium,night,low,thursday,Spaced Repetition
3.5415739909524433,1.6706129217169003,5.90106966190198,7.52583811587888,47.25998605072399,data structures,high,revision,high,morning,high,wednesday,Pomodoro
1.7005523779946263,0.7472693041854486,8.13260509575491,7.038959150172843,49.61178479232657,data structures,low,exam,medium,night,high,monday,Pomodoro
1.0243109515074713,0.8652026519138545,7.0195834054048865,6.738976415337316,57.76383044275515,general,low,concept,medium,night,medium,friday,Spaced Repetition
6.255008410348436,0.41955082755821627,4.4446524958023295,5.182523227726043,76.93671711534154,dbms,medium,revision,medium,morning,low,saturday,Spaced Repetition
5.173082251958602,0.17704463042945684,7.653994666311571,3.5939077160329544,49.61854237093413,general,high,concept,high,afternoon,high,monday,Pomodoro
6.613949715857676,0.3780345654929944,6.816609172924263,7.48290624830704,71.7661444324766,mathematics,medium,concept,high,night,high,saturday,Pomodoro
1.6727131327268396,0.9213699469642675,9.344944789063765,1.850161832209782,99.3325427282526,data structures,medium,exam,medium,afternoon,low,friday,Pomodoro
8.602382503682762,0.836766675426543,6.6451306762150955,6.708187818797883,86.468645156559,general,high,concept,high,night,high,thursday,Pomodoro
5.221543061990382,0.6682728237523468,4.644166710704006,2.310658646729063,42.00627913366586,algorithms,high,exam,low,night,high,tuesday,Pomodoro
3.7898212279192296,1.8650862521719598,5.4908111465004525,6.782786518054297,56.507665442565525,algorithms,low,revision,low,afternoon,high,thursday,Pomodoro
1.6504453811021635,1.381402078998332,7.204166382308307,4.412447775819491,60.416498934041854,data structures,medium,revision,low,night,high,tuesday,Pomodoro
8.846179939221965,0.3117613950596114,5.238671394497202,7.1863513024252,61.146156491594496,algorithms,medium,exam,low,afternoon,medium,wednesday,Spaced Repetition
2.9901093660011346,0.5485237003177994,7.285671904856857,2.300637015162552,48.03647316400002,algorithms,medium,revision,high,afternoon,medium,friday,Pomodoro
5.591916248303098,0.25569947398693404,8.433952378937462,4.57199180402427,55.77545485792882,mathematics,medium,revision,low,afternoon,medium,wednesday,Pomodoro
4.586518259235823,0.038345821499796484,8.634987076577882,2.538504042108272,42.634276817838234,machine learning,low,concept,high,afternoon,high,thursday,Pomodoro
2.8483136622098675,1.4744553544996535,8.198278462926023,3.2164366069285593,94.20446535176758,dbms,high,concept,medium,morning,low,saturday,Pomodoro
3.614310633009292,0.33034599903689554,9.52860177414672,4.807679705168345,56.725347968117745,dbms,low,concept,low,night,high,wednesday,Pomodoro
6.358201502592807,1.74440905799779,4.285499155276675,4.469233912297619,49.49444450891576,machine learning,medium,exam,medium,night,low,sunday,Pomodoro
3.4800100310910587,1.601618989353665,9.509549007647838,6.427034563869204,88.18337307347073,dbms,low,revision,medium,night,medium,tuesday,Spaced Repetition
7.050366459393095,1.5647916172889182,7.184503614328854,6.3085095499578,52.03698226747916,general,low,revision,medium,night,low,tuesday,Spaced Repetition
4.36040703583156,1.8042444764907752,9.504737331346082,9.375962535704176,56.226771128285584,data structures,medium,exam,high,morning,medium,monday,Spaced Repetition
7.701433111030421,0.09503551441422076,5.3157716950289835,7.3560924867860376,86.9590937693726,dbms,medium,concept,high,morning,high,tuesday,Pomodoro
4.8182113288592205,0.8499904808397265,4.844670040073392,5.619147148868133,75.2307476881418,operating systems,medium,exam,high,morning,low,thursday,Spaced Repetition
3.817228192314232,1.63973629505401,7.323650403127825,5.055242435345057,57.131504302920376,mathematics,high,exam,low,afternoon,low,wednesday,Spaced Repetition
4.947898432153371,0.7867056774955237,9.079304654919177,4.842147885726733,73.12109033773908,operating systems,high,exam,low,night,low,sunday,Pomodoro
2.935042914430257,1.4312711011155248,8.800326447708228,4.1149651670415555,50.356546774136476,mathematics,low,revision,medium,morning,medium,tuesday,Pomodoro
2.961140228338464,1.2953400054239512,6.530529881705177,2.321214685785968,68.73963601835862,mathematics,low,exam,high,morning,high,thursday,Pomodoro
7.930801281286737,0.9246569949185652,8.284522136110105,7.62341852743701,48.29653166066851,algorithms,low,revision,medium,night,high,sunday,Pomodoro
5.226888312564612,1.5658683454797344,8.477529366101233,6.441514421546994,81.18199639472077,machine learning,low,exam,high,afternoon,high,saturday,Pomodoro
1.2967924931433408,1.7037759649407664,8.10414917015243,3.3883275980830954,81.27777040712255,mathematics,medium,exam,high,morning,low,sunday,Pomodoro
8.57274792422815,1.2948938475024963,6.049042664104261,8.016188039751427,74.51249758376807,mathematics,high,revision,medium,morning,low,monday,Spaced Repetition
6.179681952695116,1.8505292833139286,4.881379413266675,9.737687780809303,96.84863406373748,algorithms,high,exam,high,afternoon,low,thursday,Spaced Repetition
3.4036474721417895,0.9536755497161431,8.935817629343322,3.442231316720233,51.11245069863361,dbms,high,exam,medium,afternoon,high,thursday,Pomodoro
4.591983696016834,1.2308015094184797,6.191465209692231,4.535070816958345,81.73844520672449,machine learning,low,revision,low,morning,high,monday,Pomodoro
1.1801055126589732,0.5057099575251176,7.104407738949797,1.1346507843067064,55.872777173562504,mathematics,medium,concept,low,morning,high,wednesday,Pomodoro
9.37316059419761,1.5697659667755886,5.200053526676486,2.177581252139378,80.54869814456399,operating systems,low,revision,high,night,high,tuesday,Pomodoro
6.343756771664616,0.0314719607470888,5.5573134919899285,6.952438700604901,41.9237617784083,dbms,medium,concept,high,night,low,wednesday,Spaced Repetition
5.515415350196427,0.5493749879748335,7.891873954372378,7.493984943341151,91.77175462775695,mathematics,high,exam,low,night,medium,tuesday,Deep Work
5.829609517619445,1.5422720963416443,7.967591837590549,4.684104287941533,93.72476267165314,data structures,low,revision,medium,morning,medium,friday,Pomodoro
9.010170110338882,0.48990701673191217,8.378197764680326,8.299138374388624,91.53918346192701,algorithms,medium,revision,low,night,low,friday,Spaced Repetition
8.631745239813313,0.7353160921182167,7.546572283213685,5.533960993521706,78.7570918667227,mathematics,medium,concept,high,afternoon,high,sunday,Pomodoro
5.332444405735847,0.15705437188314564,7.3632361145006255,3.988665017414384,49.296507120276154,machine learning,low,concept,low,afternoon,medium,saturday,Pomodoro
7.555475674906592,1.2874970648858466,6.010554605610055,1.3105348884849337,57.28750773128151,dbms,medium,revision,low,night,medium,saturday,Pomodoro
6.391893925924772,0.17785904551004772,4.349006552325548,4.350207656674643,83.23986727047173,algorithms,medium,concept,medium,afternoon,high,saturday,Pomodoro
9.425317018889016,0.10980978182154866,8.040348874179012,9.021543983449755,88.2330825241152,general,high,concept,medium,afternoon,high,thursday,Deep Work
7.734491382289378,1.58812125176551,9.813537242312455,6.1594901987788315,53.21463264417163,data structures,low,concept,low,night,medium,wednesday,Spaced Repetition
4.701271586309822,1.8598843204580082,6.061189668989765,9.671358507905552,94.616306275237,operating systems,medium,exam,low,afternoon,high,saturday,Pomodoro
5.0634634520749975,1.876936424731625,4.735114855222563,2.9082506545200606,41.7725181166896,algorithms,low,concept,low,morning,low,monday,Pomodoro
5.787196271931722,0.183700674458402,6.670112102352132,9.995546707376649,90.11375745076089,general,low,concept,high,afternoon,high,thursday,Pomodoro
3.7315911239030033,0.21721480469298515,6.836760071809498,7.094147397165117,92.47031770228463,machine learning,medium,concept,low,morning,high,friday,Pomodoro
2.2131804557752934,1.8273391948854387,6.82170361757942,6.122358825891143,95.68636536868524,dbms,high,revision,medium,night,medium,tuesday,Spaced Repetition
7.810344191003226,1.3338107733684206,5.404169051841247,6.29277621269228,74.24137969461088,mathematics,medium,revision,medium,morning,low,tuesday,Spaced Repetition
1.9866537496309578,1.4992515042980474,4.815316900765565,1.5996519856933724,98.56478117328805,algorithms,high,exam,low,morning,high,thursday,Pomodoro
5.230863626063645,0.7795506392445748,6.356251192865302,6.544346755059614,47.45420233334854,operating systems,high,revision,high,morning,high,saturday,Pomodoro
6.024085752516949,0.6495978307607211,5.76033805349787,1.3007619523455352,88.94925106151771,data structures,high,revision,low,afternoon,high,friday,Pomodoro
9.15498172582334,1.670047176743388,4.8844767018039,7.373529296520138,66.12793150431871,machine learning,high,exam,medium,morning,medium,wednesday,Spaced Repetition
5.28961744457766,1.7314019846480073,4.19265748289235,6.794811347996137,85.77693271069367,data structures,high,revision,low,afternoon,high,tuesday,Pomodoro
5.528884750763888,0.02815932656578135,4.041745523819747,3.161139584063679,46.048431828345116,mathematics,medium,revision,high,night,high,tuesday,Pomodoro
1.3086251047948814,1.4046768682037236,5.674510816907701,6.214417546131538,52.13663086544014,data structures,low,concept,high,afternoon,low,monday,Spaced Repetition
9.634418689482528,0.41621999284101485,5.867161614813667,7.9299305309683366,92.00584013748063,mathematics,low,concept,low,night,medium,tuesday,Spaced Repetition
6.608455783701219,0.9385798218749657,4.699617798572804,4.310083769325073,41.52682859770234,dbms,low,concept,high,morning,high,friday,Pomodoro
5.608284568223407,0.2738376479913258,6.046102558715218,2.689552679484463,89.27201220099727,dbms,low,concept,low,afternoon,high,friday,Pomodoro
6.476811789495145,1.405582042755692,6.716608777068405,3.1894577602362877,92.64247123248349,operating systems,medium,exam,high,night,high,friday,Pomodoro
8.266338458132406,1.2711869640163744,5.8223257215471325,9.84650429458199,56.4481700315163,operating systems,medium,exam,high,night,high,monday,Pomodoro
9.179416278719172,0.042344727470756904,6.0880801225809575,7.4709322785825485,86.01573558094957,mathematics,medium,revision,medium,morning,medium,thursday,Spaced Repetition
7.815660148640736,0.45400259867684123,5.327659546397104,2.4527528891881656,62.31968558734971,data structures,high,revision,low,night,medium,sunday,Pomodoro
7.487346848274241,0.48241354925604596,5.008846515368482,9.748863938910798,77.05343879257711,machine learning,high,concept,medium,afternoon,medium,sunday,Spaced Repetition
3.3508015414652164,1.023804242539248,5.917708753048427,2.50859407456526,55.77284211935956,dbms,medium,exam,high,night,low,saturday,Pomodoro
3.2731170322391825,1.337907420136549,8.482050997581755,9.24334971493403,97.48736772877677,operating systems,high,revision,low,night,medium,wednesday,Deep Work
1.6567149963311896,1.6422522089703595,6.9582107292412285,8.621047244519463,76.0443864670236,operating systems,high,revision,low,night,low,thursday,Spaced Repetition
5.378019505219427,1.2504341173057045,8.964305161644148,7.1078449346458,43.91198600236903,general,medium,concept,medium,night,low,thursday,Spaced Repetition
4.331331265153752,0.14231051176516218,9.3646439068284,8.993709576677684,91.2847679218435,operating systems,low,revision,high,night,low,saturday,Spaced Repetition
5.451379936025184,0.9798635064897214,7.232635516690697,3.318913206920396,61.9744708680169,dbms,low,concept,low,night,low,sunday,Pomodoro
8.452535884595886,0.8231275438020607,7.112849872506121,1.3028529892155096,80.46595338811582,general,low,revision,medium,morning,medium,wednesday,Pomodoro
3.0474180178215615,0.9512412286165179,6.546377756491214,8.743331235524327,72.52825055836999,general,medium,exam,medium,afternoon,high,sunday,Pomodoro
5.847250472687831,0.5008868035072074,9.346331163050925,3.9977699328448564,48.85143005064081,general,high,concept,low,morning,medium,friday,Pomodoro
3.7110317325605147,0.03714143753019772,9.331856016177731,3.042106905194274,95.75683910114854,machine learning,low,concept,high,night,high,wednesday,Pomodoro
7.448982758010996,1.19585885363966,5.270795731489287,8.659997432627993,65.64426563365605,operating systems,low,exam,high,night,low,friday,Spaced Repetition
5.547038300215066,1.702414770889488,8.085571219861016,9.075189926724775,93.44960521445611,mathematics,high,concept,medium,morning,low,thursday,Deep Work
5.87692155948598,0.18248968260851073,8.073672545684019,7.525864170078858,97.90189737459514,machine learning,medium,concept,low,afternoon,low,monday,Spaced Repetition
8.113667282946892,0.3874778660496212,5.570517214222142,5.613318327405667,59.83604859820011,dbms,high,exam,high,afternoon,low,thursday,Spaced Repetition
7.9578112745540075,0.6653459730606477,8.988499731581868,3.4711508399591944,72.76592848019745,machine learning,high,exam,high,afternoon,low,sunday,Pomodoro
2.1678601014663794,1.5001226482886945,4.59537337649606,8.551442512714218,95.88533164517317,machine learning,low,concept,medium,afternoon,low,tuesday,Spaced Repetition
3.120796354792797,1.7890464738219451,5.105590457024462,2.9175449591578198,56.263779408421826,machine learning,high,concept,low,morning,high,saturday,Pomodoro
1.7959382860195219,1.9087387244564717,9.52793780258088,1.4859936296293506,61.61926826149376,mathematics,high,revision,high,morning,medium,friday,Pomodoro
5.470931018144472,0.08243609190339907,7.505609212387006,1.4370998775336639,76.22360305210785,mathematics,medium,revision,high,night,low,tuesday,Pomodoro
8.460369020737108,0.2179999797259522,4.648740114862576,4.850825633676921,45.91944260396854,mathematics,medium,revision,high,night,high,saturday,Pomodoro
8.948074660072976,1.15408372398005,6.124117828192067,8.388186706635544,86.95072049234977,data structures,medium,revision,high,night,high,sunday,Pomodoro
2.1515494682778837,1.9958302688245755,5.551505329316643,7.51784421527533,94.4820925801433,operating systems,high,exam,low,afternoon,medium,monday,Spaced Repetition
9.214309093213993,0.3856055893532133,6.336208062288403,9.462806208349765,65.62639377022255,operating systems,low,exam,low,night,low,saturday,Spaced Repetition
8.20463612138635,0.5075952851119843,6.53487250336846,8.078940427285094,98.43266602261838,algorithms,medium,concept,low,night,low,tuesday,Spaced Repetition
7.4085707926825375,1.159923961070222,4.534019067896078,7.245928975503481,49.98485705865639,general,low,revision,medium,afternoon,high,saturday,Pomodoro
4.622006245992333,1.4790069098121654,9.81108134129919,5.0992405365643085,89.77134491730249,data structures,medium,revision,medium,afternoon,high,tuesday,Pomodoro
5.782247485257401,0.40250072910233925,5.708046351680906,7.886378447636922,68.22083552278802,data structures,high,concept,medium,afternoon,medium,saturday,Spaced Repetition
2.4103836618662724,1.4830345046539806,7.5965703526625115,1.5181467877251742,86.64673769520468,data structures,low,revision,medium,afternoon,low,thursday,Pomodoro
4.296277053986268,1.2030970127594123,7.637901684247192,4.285227736349407,94.26843563687726,data structures,high,exam,high,night,high,wednesday,Pomodoro
2.6055842673572296,1.026138845726876,8.88410041311958,7.991742942084533,87.31490590650826,algorithms,medium,concept,high,morning,high,wednesday,Pomodoro
8.426934511766587,0.2854437079370762,5.857251951172529,6.1219628232652346,54.759556004275254,general,low,concept,medium,morning,medium,tuesday,Spaced Repetition
3.9973531182705475,0.7999242491678755,6.539960362135163,6.635615076320632,57.20774375131239,mathematics,low,exam,high,morning,medium,wednesday,Spaced Repetition
2.378021011949786,0.5385408486104153,7.54353794643151,6.491607186129777,49.23844778462974,general,high,concept,low,morning,low,tuesday,Spaced Repetition
4.445135479719184,0.31454706815278644,7.856511483757282,5.826685292174679,56.48417507777806,dbms,medium,revision,low,morning,medium,saturday,Spaced Repetition
4.114998883847036,1.4934528744020632,9.081535597305443,4.387496467974498,57.7972517100351,dbms,low,concept,medium,night,low,tuesday,Pomodoro
6.93969650021719,1.4669205440156499,6.3319360092610815,4.896707922991482,48.64813983936371,machine learning,medium,revision,high,afternoon,medium,saturday,Pomodoro
7.444841342409654,0.7885164709914905,8.062491831706648,5.283835213142983,99.62638616607589,algorithms,high,exam,low,night,low,tuesday,Spaced Repetition
8.329772774932074,0.9183182607518228,5.510730720081306,4.3328815790547,41.214173958397026,data structures,high,concept,low,afternoon,low,monday,Pomodoro
1.1512655183902825,1.0404253775136585,8.176208393374793,9.479282340523643,50.74715704941731,general,high,revision,medium,afternoon,medium,sunday,Deep Work
8.564980210761377,1.3652897645862627,5.250164734449144,5.155933297566511,94.62078077851932,mathematics,high,exam,low,night,low,wednesday,Spaced Repetition
3.2710060397190484,0.8293962366102563,4.4940529785803305,6.4587328034548035,46.22380987254965,algorithms,medium,concept,medium,afternoon,medium,wednesday,Spaced Repetition
1.081050978380277,0.4709428340217543,4.826369809102847,6.509495986508311,49.99273531562808,algorithms,low,revision,high,night,medium,monday,Spaced Repetition
2.9369858073974098,0.13185777871496462,7.19094106486483,1.5591319364808616,85.99343766200519,machine learning,low,revision,high,morning,high,sunday,Pomodoro
2.094286145801742,1.112114670382923,5.961865739456435,4.982421823012336,78.81680250023832,data structures,low,concept,medium,morning,medium,thursday,Pomodoro
5.807709026277573,1.3578060417194138,9.241357613635676,4.890441590093517,64.76578436492761,algorithms,high,exam,medium,night,low,saturday,Pomodoro
1.2770479201387612,1.4967927124194862,8.552764856225878,9.577999767537374,43.24806450413924,mathematics,low,concept,low,night,medium,monday,Spaced Repetition
6.329109127159167,1.6390358374201424,8.951809374056287,1.5976937833545954,50.251611963187884,data structures,low,revision,high,night,high,friday,Pomodoro
8.788864645744175,0.5930031420478781,4.955698224096751,4.918504565152121,64.11392247735799,mathematics,high,exam,high,night,high,wednesday,Pomodoro
7.390264129077062,0.04004706903941302,7.419896914271897,4.010688767289675,40.529910605364066,general,medium,exam,medium,afternoon,low,monday,Pomodoro
7.3460183197509545,1.7005974731435836,6.604426490895882,9.356698675381868,75.41794430533598,algorithms,medium,revision,high,afternoon,medium,thursday,Spaced Repetition
9.153567272751799,1.8019269920775276,9.858896657205225,9.11654484797504,47.642322162001655,operating systems,high,concept,high,morning,medium,monday,Deep Work
7.100817544519709,0.954320092823163,4.96627728976408,3.8891937364702,53.497002632622035,general,high,revision,medium,night,low,wednesday,Pomodoro
6.756554121421205,0.9911113807518599,4.1072411850178945,4.012504182231867,51.03239444325947,operating systems,medium,revision,low,afternoon,medium,monday,Pomodoro
6.9517356605818,1.8225123036685762,6.422539662870079,2.8697434571097133,78.92481623419926,mathematics,medium,exam,medium,night,low,sunday,Pomodoro
7.766886199322718,0.28012911871787294,6.089647692179149,4.505942480333702,70.67774477476208,operating systems,medium,concept,high,afternoon,high,tuesday,Pomodoro
6.532938578406361,1.8055520955290898,9.773749250035522,6.882426572817039,90.2895520840652,mathematics,medium,revision,medium,night,high,friday,Pomodoro
3.7393100508659587,1.3649860674742975,9.08541428861497,7.242558740045909,95.92614192743329,general,low,exam,high,morning,medium,friday,Spaced Repetition
5.3654979786036865,0.5125863245892153,7.171239162137727,3.6171274979966275,81.25012556826496,operating systems,high,concept,medium,night,low,wednesday,Pomodoro
9.430191340004345,1.6538980501682217,9.066557998720521,6.122274134088414,62.94187587500265,operating systems,high,revision,medium,morning,medium,saturday,Spaced Repetition
5.234545710930945,0.09593511715895175,9.292289116046192,4.999544370241928,75.33661891044092,data structures,high,revision,medium,morning,medium,sunday,Pomodoro
5.156003402024409,0.51281431637738,8.366257110443426,1.6619543107865127,53.36489946275131,general,high,exam,high,night,medium,monday,Pomodoro
1.1338207691096773,0.705754701008668,4.858364093228246,9.321703098379329,46.24074725710482,algorithms,medium,concept,low,afternoon,medium,thursday,Spaced Repetition
1.6151353430337525,1.9101971123313721,5.158089912434192,8.944678685863725,88.56839257692607,operating systems,high,revision,low,afternoon,medium,wednesday,Spaced Repetition
2.491741138496094,1.9640892455727679,4.577478946844298,6.302905511073583,77.58783131524336,algorithms,high,concept,medium,night,high,wednesday,Pomodoro
7.747775908273343,0.27250402811276375,9.387300266586891,3.1831948260814293,61.18826759687059,data structures,high,exam,medium,afternoon,medium,monday,Pomodoro
1.853836414076618,1.9936977757188397,5.607069523353483,8.661320638296466,49.932447689385235,dbms,low,exam,low,night,low,friday,Spaced Repetition
6.434901906616791,0.2906329126732521,8.791245491692523,8.709113768409091,68.92561112768286,dbms,high,concept,low,morning,medium,wednesday,Deep Work
7.994450765850355,0.4579743706006234,7.159853581151185,5.063917248757508,74.77665395369704,operating systems,high,concept,low,morning,medium,tuesday,Spaced Repetition
6.455741836817263,1.1155295181961236,7.908016634801233,2.3866815922577516,78.79210592684396,machine learning,low,revision,high,morning,low,monday,Pomodoro
2.6743065523415077,1.8690739632824065,9.861005591081135,7.657749526514371,55.13200303701477,operating systems,high,concept,low,morning,low,saturday,Deep Work
5.342063233430058,1.1946986019557062,6.8347726834893425,7.284819915465041,66.02181598641758,operating systems,high,revision,medium,night,high,friday,Pomodoro
7.7402587643066765,1.588325417675219,5.2148052525745,9.63139597184267,70.1441676088076,dbms,low,exam,high,morning,medium,tuesday,Spaced Repetition
6.693339414744973,0.4645314515950505,9.384897308772548,8.765096911042516,70.5449984013971,data structures,low,concept,high,morning,low,tuesday,Spaced Repetition
4.067888856255428,0.8169747777645466,6.09221686505787,7.872823292708979,45.817083557602885,algorithms,low,revision,high,afternoon,high,sunday,Pomodoro
6.920955418028783,0.12782264189828219,4.995966764050752,3.7085704877042938,72.36275908168858,operating systems,low,exam,medium,morning,high,wednesday,Pomodoro
8.498885112192362,1.411239608360288,7.464050351178222,9.00761801304751,82.01838123302844,operating systems,medium,revision,medium,night,medium,monday,Spaced Repetition
7.2771514050405415,1.0124620721817603,4.153793499306536,9.322727282779255,91.11020852913599,machine learning,high,revision,high,morning,high,wednesday,Pomodoro
9.655000949642467,1.0979034827156542,8.779940409946857,1.393892624784867,74.01675144877927,mathematics,low,exam,medium,morning,medium,monday,Pomodoro
3.6241909261818877,0.25762614752597623,9.131886786177631,6.286736474134001,93.3455438949376,algorithms,high,revision,high,afternoon,low,monday,Spaced Repetition
8.715950411801977,0.20894597163187245,6.695774925377528,3.583981998348128,46.278268415657536,mathematics,high,exam,medium,afternoon,low,thursday,Pomodoro
1.9733134810347879,1.0130024020738506,4.514864630256633,9.725738709916062,42.321097495431495,machine learning,medium,revision,medium,afternoon,high,monday,Pomodoro
9.912390757560352,1.4886736856434002,8.437518938069493,3.228569984790151,90.01237789262643,dbms,medium,revision,low,night,medium,friday,Pomodoro
6.0025643891514875,0.8103124141723297,5.26347514302966,6.336896399042589,85.35507487750826,operating systems,low,revision,low,afternoon,medium,friday,Spaced Repetition
2.57682126631636,1.3813360308774443,9.056723476683574,5.33385502926917,71.88350758830626,data structures,low,revision,medium,night,high,monday,Pomodoro
8.203245882909366,1.3359461216443695,7.229166230106418,8.12952222605168,69.68543437514826,operating systems,low,concept,high,morning,low,friday,Spaced Repetition
3.070004072935599,0.011441863083929249,7.907919383357436,2.8221596527494826,93.40690817858857,algorithms,high,revision,medium,night,medium,thursday,Pomodoro
3.4741750373401667,1.4335954333987413,7.569496125513229,3.923416987736992,41.522289282538935,machine learning,low,revision,high,night,medium,monday,Pomodoro
6.193696983685888,1.7458974608180038,9.181738005519719,4.34367617719216,52.53333356289059,dbms,low,exam,medium,morning,medium,thursday,Pomodoro
8.724784964563433,0.9614818248194452,4.017776323362381,3.1852134984364766,59.42613854007797,general,medium,exam,low,afternoon,high,wednesday,Pomodoro
1.5232041192414574,1.8582327053826513,5.3351262650646785,9.997058847178831,50.29136162723122,operating systems,low,concept,high,night,low,wednesday,Spaced Repetition
2.4638846838590895,0.8154804938594389,8.986217879636113,6.949002689387677,63.68725055024284,machine learning,medium,exam,high,afternoon,medium,tuesday,Spaced Repetition
9.215549723745776,0.18511089172205653,8.330130347368982,2.264475833747215,63.363211280061535,dbms,high,concept,medium,afternoon,medium,wednesday,Pomodoro
7.629910616969115,0.9158491597217957,7.416011210656563,7.233520990825906,75.53141082575308,operating systems,low,revision,medium,night,high,wednesday,Pomodoro
6.142275727022414,0.5074583989142349,8.808233499252754,1.6321357528253295,81.33734741027018,general,low,concept,high,night,high,sunday,Pomodoro
5.660607809682147,1.7814911836994427,7.528631189451987,9.257661716946135,72.79134746994507,dbms,high,exam,high,night,high,tuesday,Deep Work
6.77341332157859,1.753837863741694,8.05633603007952,4.212853229261016,70.76128433972869,machine learning,medium,revision,low,night,high,tuesday,Pomodoro
8.74586698648855,1.0436464498999045,5.160855096486209,9.028271038688029,41.863699385382006,general,medium,exam,high,morning,high,friday,Pomodoro
1.305741891996558,1.684915455421575,6.7956637055799085,1.8410852140199014,82.40916670060864,operating systems,high,concept,high,night,low,tuesday,Pomodoro
7.554839594443612,1.597543658229257,9.671138566762039,6.476541516737079,55.27761199917373,operating systems,high,revision,high,afternoon,high,friday,Pomodoro
7.411546256256295,0.736749015169468,8.27816921373458,1.3625034646184908,63.18493370983487,general,low,revision,low,morning,low,friday,Pomodoro
8.220599347273188,1.9764069854539483,6.078181018650966,6.394413000349916,96.22869800890732,machine learning,medium,concept,high,night,low,thursday,Spaced Repetition
8.751244466647584,1.6262100942216877,4.200418039464607,1.8197597339204634,42.94761363351114,machine learning,high,revision,medium,night,low,friday,Pomodoro
9.204371979042467,0.7365255797438264,4.273300935792115,3.7020440038724773,71.86656535264933,operating systems,high,concept,high,afternoon,low,wednesday,Pomodoro
1.5505457964934939,0.3118378718129118,6.651088523043143,5.557342786806357,62.85310732652611,mathematics,low,exam,medium,night,high,monday,Pomodoro
9.575234634242559,1.589104588843411,4.2400787832107465,3.9907891966596365,68.23268109707337,dbms,medium,concept,medium,night,high,thursday,Pomodoro
3.452928831037262,1.749978990048843,8.599735991046916,4.259608818023315,84.04747261941813,general,low,exam,high,night,medium,tuesday,Pomodoro
6.9019957160576215,1.283239997428818,5.256917336317598,1.2735767333037353,66.01735521410043,data structures,low,concept,low,morning,low,sunday,Pomodoro
4.314432929006088,1.292505035314381,4.208500490404276,8.999958466754494,78.4958397606919,data structures,low,revision,medium,afternoon,low,saturday,Spaced Repetition
8.795158770630845,1.4848410237427965,9.693853989789407,9.461097039794794,62.93956987361442,machine learning,medium,revision,high,afternoon,medium,sunday,Spaced Repetition
7.903112769826925,1.8839488642871804,5.2971314432228525,7.9433638733523315,41.213051208867846,data structures,medium,concept,high,afternoon,high,sunday,Pomodoro
8.31066449881133,0.3240448327288794,8.437146605603347,4.901906108416236,54.37569297792348,general,low,exam,high,morning,medium,friday,Pomodoro
9.632178396351229,0.14375050741724893,7.476690515492138,9.119748611101407,40.71426813087102,algorithms,medium,revision,medium,night,low,friday,Spaced Repetition
1.5840929550855227,1.2518660736974139,6.501095436960415,6.6023698483560675,52.63234881027057,operating systems,medium,revision,medium,afternoon,low,sunday,Spaced Repetition
3.520478850549008,0.5474012589771917,5.04819610852539,3.9286446609662846,51.9664202207932,operating systems,low,exam,medium,afternoon,high,sunday,Pomodoro
5.819124780634071,1.8378055286913766,8.114218308333623,7.699732426320106,90.06267181938446,general,low,concept,medium,night,low,wednesday,Spaced Repetition
8.05274471933053,0.6036782404950309,7.074599395415891,6.588685866494731,89.16884330203732,data structures,medium,revision,medium,morning,high,saturday,Pomodoro
7.989760669353607,0.4566616731866209,4.148855980255394,4.453965373200614,48.492931059269395,operating systems,medium,revision,high,morning,high,friday,Pomodoro
3.2386893966206403,0.8644541509820844,8.007602412734455,4.86476908167028,66.47726816799661,data structures,low,revision,medium,afternoon,high,saturday,Pomodoro
7.268923578571336,0.5423007223544392,5.780267851172109,8.577775228656442,40.62182334083062,general,high,revision,high,morning,low,sunday,Spaced Repetition
8.512016696107347,1.1167842326573474,4.186567731658336,5.152610717430185,67.76559645363838,mathematics,medium,exam,medium,night,medium,friday,Spaced Repetition
6.294769924425316,0.6867067728321039,8.010191359542599,3.05359945416254,59.042339984047096,machine learning,low,exam,medium,afternoon,medium,saturday,Pomodoro
5.9839655886499425,1.4357357022625272,9.382231097504107,9.115675084365778,59.71054326027179,mathematics,low,concept,low,night,low,friday,Spaced Repetition
1.306400555802382,1.6421444461140375,7.275156406118573,4.043291844017766,55.05354258123107,operating systems,high,exam,low,afternoon,low,saturday,Pomodoro
8.933900053653389,1.0657806567831976,8.554638389794555,7.8675454338673765,79.86123715956322,general,high,exam,low,morning,high,wednesday,Deep Work
6.438155592989281,1.633490558945363,8.568097937217354,3.3623600924482906,54.7186298791588,operating systems,medium,concept,medium,afternoon,high,thursday,Pomodoro
4.080765563447677,0.8807035477865046,8.242723683666286,6.289021463259343,59.07635978240937,machine learning,high,revision,high,morning,high,monday,Pomodoro
8.508501091499102,0.6175840596011919,6.460982615383824,4.128991036829799,46.98401906982255,operating systems,medium,revision,high,afternoon,low,tuesday,Pomodoro
9.505052047078133,1.9753422544669843,6.840609419402162,8.222065709333442,84.20115255216191,machine learning,medium,exam,low,afternoon,high,monday,Pomodoro
6.979013600160501,0.26129766339329663,7.839584124703149,7.9493709834380395,91.63610499161743,general,low,concept,low,morning,medium,tuesday,Spaced Repetition
6.7205922825880435,0.296695725837945,8.596730508070781,1.6151285637072204,89.583926424678,data structures,medium,concept,low,morning,low,thursday,Pomodoro
6.092361935735213,0.6253126287104389,5.069398593469501,8.732639794699976,64.21136599043376,algorithms,medium,revision,high,night,low,wednesday,Spaced Repetition
9.516780092875488,0.28979731861469205,5.063867521135869,8.764066632987003,63.565655135483155,data structures,high,exam,high,night,high,wednesday,Pomodoro
9.298833882150985,1.5022967356451653,7.538677604668471,7.922681109963352,65.73126167839831,general,high,revision,high,night,high,sunday,Deep Work
1.7870417593199799,1.1158015576210185,5.523285076744192,2.251532132145366,53.138813793493455,mathematics,medium,revision,low,afternoon,low,saturday,Pomodoro
7.698733456036295,0.9339348183275957,5.366804534277137,2.7941511605021767,65.52587165538074,data structures,medium,revision,medium,night,medium,friday,Pomodoro
4.147952112055705,0.6266476071535834,7.588846392223197,4.9262492053883475,98.8506020934339,algorithms,high,concept,medium,night,low,friday,Pomodoro
5.005999312481153,1.268257621733606,4.760330025716062,7.597217933772923,56.15260347253732,machine learning,low,concept,high,afternoon,low,saturday,Spaced Repetition
1.4801409509487469,1.695148059580525,7.777061932915898,5.398355515524417,93.39782230823486,data structures,medium,revision,medium,afternoon,medium,monday,Spaced Repetition
7.079100562209255,0.17573266186388548,8.098481040844813,6.224673490087332,75.67300606870269,operating systems,low,exam,high,morning,medium,monday,Spaced Repetition
9.477144755544963,1.060176993828848,8.987944427711497,4.285411241285021,46.01268094303147,operating systems,high,concept,low,afternoon,low,sunday,Pomodoro
2.1754968403251924,1.9259079071506597,7.809016935875304,8.982160519529582,65.57388749588586,operating systems,medium,concept,high,afternoon,high,friday,Pomodoro
3.015075099751165,0.8878333960930795,6.905278394558744,8.484760361523978,93.76170191949959,data structures,high,exam,low,afternoon,low,tuesday,Spaced Repetition
6.596937675013542,0.04994180086826239,6.397038851563385,9.873642719038148,46.04161606622819,operating systems,medium,revision,low,night,low,thursday,Spaced Repetition
6.0104676315984875,0.6385134104957937,6.354711309211048,3.5138631615695313,95.88461966758359,machine learning,high,concept,high,afternoon,medium,wednesday,Pomodoro
1.5273179893912188,0.43096396557114924,9.991361490910412,4.897684923281133,82.1779398126786,operating systems,low,concept,high,afternoon,low,thursday,Pomodoro
2.03647520714073,0.8356231658030004,5.578309084071623,1.6390097155485122,72.5322633231589,operating systems,high,revision,high,afternoon,medium,friday,Pomodoro
9.48910855012272,1.4458301058458707,8.136843396440584,9.713423496047646,87.93239867104148,dbms,medium,concept,medium,morning,high,monday,Pomodoro
2.004737007890668,0.9172097593446837,8.181959404424804,9.97793399513117,59.43431899379211,general,high,revision,medium,afternoon,medium,saturday,Deep Work
2.443544875055307,0.6791462824163392,6.01133908128143,1.3784031646835022,75.8942655911138,mathematics,high,exam,low,afternoon,high,sunday,Pomodoro
8.235491776984468,1.5999833451110697,9.614781045372716,4.629065254127163,82.52329022491506,general,medium,revision,low,afternoon,medium,saturday,Pomodoro
1.995212683617935,1.6766756411867705,7.333053870372899,7.209721109275524,98.28411091651877,operating systems,medium,concept,medium,morning,high,saturday,Pomodoro
4.175597065361501,1.2906616256590435,7.280722748969702,7.692304658691033,60.34444890890658,data structures,high,revision,medium,night,low,thursday,Deep Work
4.8150977679729845,1.0184231704920852,9.670303320367621,5.933833955129364,97.19065229578835,general,high,concept,low,afternoon,high,monday,Pomodoro
6.08331502977564,1.721860965157392,8.929879582987,2.1005984906253956,90.91525942185268,data structures,low,exam,low,afternoon,high,saturday,Pomodoro
1.418464357221739,0.2219125220686735,6.062242552813708,6.344846252047514,51.288815632564535,general,low,revision,medium,night,high,monday,Pomodoro
1.7833020858239883,0.5733184968945053,8.688941459551431,2.3642912071208753,78.82957366761744,algorithms,medium,revision,medium,night,medium,saturday,Pomodoro
1.2095837149832371,0.7109197037682773,8.439194797257505,5.590622700556372,54.65380702057505,mathematics,high,concept,high,morning,low,friday,Spaced Repetition
3.88793259132979,0.9590822502124567,8.870281586325003,7.830210239983267,55.94796531572035,algorithms,low,revision,high,afternoon,high,friday,Pomodoro
4.465371140563705,1.6729463833319425,9.699730055993225,8.250732327474264,62.652725379733425,dbms,low,concept,high,afternoon,high,wednesday,Pomodoro
1.7896053453642902,1.6768254623347416,9.133067052319046,8.479355743964152,87.93789415202474,dbms,medium,exam,medium,afternoon,high,tuesday,Pomodoro
7.296030635064699,0.5867121599879752,8.914781329366008,1.6303116126860313,87.47096004333608,algorithms,high,revision,low,afternoon,high,tuesday,Pomodoro
5.370095820550863,0.6857841826979594,6.510213460792043,9.36052062015361,94.64510876428884,general,high,revision,low,afternoon,low,friday,Spaced Repetition
6.5234096366880525,1.2472518945945283,6.890199028074045,4.60592063594158,99.1708186965217,mathematics,high,exam,medium,afternoon,high,sunday,Pomodoro
4.171879229974666,0.8059456002467884,4.099222747364025,8.333128014723064,61.551604143350886,mathematics,low,exam,medium,morning,low,tuesday,Spaced Repetition
1.489295605961654,0.3370411842875187,6.7355465459165025,8.324433100888339,62.84173214064064,general,low,exam,medium,morning,medium,friday,Spaced Repetition
1.3923542961333495,0.6108210619430299,8.17481388895468,9.560009808786399,44.62191999904684,mathematics,low,concept,low,night,low,monday,Spaced Repetition
9.14940529742193,0.0737865778215363,5.318804271771542,3.786124170144083,77.01304431798368,algorithms,low,concept,medium,afternoon,medium,sunday,Pomodoro
5.5227666403149005,0.5423555714224069,9.685615009646334,5.174786992859628,43.527760992678225,data structures,low,exam,medium,afternoon,low,friday,Spaced Repetition
6.136693675599879,1.5443050096149293,9.568052450647324,3.3501442998976936,60.09141705993887,general,high,exam,high,night,medium,friday,Pomodoro
2.1873684317842974,0.9910183546612765,4.639715636832541,4.110227860138277,48.90312269304866,algorithms,low,revision,high,morning,medium,tuesday,Pomodoro
8.706408881716731,0.23492414559276797,8.13738646631179,4.679592955525614,52.36876961680984,data structures,low,exam,medium,afternoon,low,friday,Pomodoro
7.912665872295579,0.3285959679049446,8.519557231574913,7.847150582380582,43.595598893827294,operating systems,medium,concept,high,morning,low,wednesday,Spaced Repetition
7.7061947364856,0.2541125307153487,4.623242741672863,7.3913053383685305,52.53022122711903,machine learning,low,concept,medium,morning,high,thursday,Pomodoro
3.470068451843307,1.7578664369046115,9.000347884627624,9.362226103495914,67.51964926227926,operating systems,high,concept,low,afternoon,high,thursday,Deep Work
8.326467337792867,0.32930937651205916,4.033564935291217,1.3850494142254108,54.64380706257552,data structures,low,concept,low,morning,high,monday,Pomodoro
5.571047885781499,1.620411699006671,9.03472961863699,9.187464807169984,70.5547150301725,machine learning,high,revision,high,morning,high,wednesday,Deep Work
6.754821761589139,0.8950179313726798,7.973038073941437,7.360153261346112,93.58179748515808,operating systems,low,exam,low,night,medium,saturday,Spaced Repetition
2.361190043322694,0.03653596321935337,9.213782637089764,2.757459999224447,42.54872599790806,machine learning,medium,revision,high,afternoon,low,monday,Pomodoro
9.777646462870416,1.4088110883251501,8.273150369519223,1.8521683725513054,83.9259021893615,operating systems,medium,concept,low,morning,low,thursday,Pomodoro
9.92797308113366,0.36578754465839847,6.821493913959857,8.8482676135858,53.50242394265196,algorithms,medium,revision,low,morning,low,thursday,Spaced Repetition
4.272649738940413,0.746928433585444,9.959024737589996,9.95331726373395,46.88717671963674,dbms,high,concept,high,afternoon,high,sunday,Deep Work
9.467771931052276,0.3878556405613609,4.97003401332227,3.164815778643523,70.93281964450853,data structures,low,exam,low,afternoon,high,thursday,Pomodoro
9.185655848005474,0.3769760998772773,8.835717810264898,2.175620347689322,54.53413960454843,mathematics,high,revision,high,night,medium,saturday,Pomodoro
8.21088910219266,1.5433362126214916,9.517183773476996,5.798805979321362,46.003880293992,general,low,concept,medium,afternoon,low,monday,Spaced Repetition
1.8793288999096744,1.2318640141733375,6.608142355981516,4.837967157631887,71.60487114580278,general,high,exam,high,afternoon,medium,monday,Pomodoro
9.761738966535265,0.5758754963428301,9.335828342969311,8.926737193667705,85.45945699617835,general,medium,concept,medium,night,medium,saturday,Spaced Repetition
7.823162858471604,1.8212250147452105,4.088980974590247,8.281928951407416,96.30772318748012,dbms,high,concept,medium,morning,medium,tuesday,Spaced Repetition
9.882223427963911,0.7960863482081915,5.99143770938498,6.619824344659532,89.53652035045565,operating systems,high,concept,low,night,low,tuesday,Spaced Repetition
8.706693940445053,0.9812193766234789,5.300119862232356,2.5275109577308568,40.0094646746834,dbms,low,exam,low,morning,low,saturday,Pomodoro
6.800633419913169,1.1994082730214892,6.1002334083157175,4.99658042278478,43.85942183399714,data structures,low,concept,low,night,high,thursday,Pomodoro
8.36088974099281,1.3837620923674994,7.978378294775152,5.7407094622444585,45.75734529679539,algorithms,high,exam,high,night,medium,sunday,Spaced Repetition
4.868944823123632,0.02205616853780068,9.559342690851029,6.4297709055004875,52.189236231398084,mathematics,medium,revision,high,night,low,sunday,Spaced Repetition
3.2021756931094534,1.6844991703984682,8.938169852774587,3.0784632329866035,45.906252940059446,operating systems,medium,revision,low,afternoon,high,monday,Pomodoro
3.9117692276032505,1.7133060316126243,7.561679299416304,5.66202102756926,84.60274989853694,general,low,revision,high,morning,medium,tuesday,Spaced Repetition
7.339474706656387,1.7807975781611038,9.49534380842022,3.4994407531651537,51.27339701635084,machine learning,low,revision,high,morning,high,friday,Pomodoro
3.945818699467191,0.2722728807010226,4.9382416751998415,7.154955761016431,41.183925740104314,mathematics,high,concept,medium,night,medium,friday,Spaced Repetition
1.791577075318561,1.4099406676144117,6.1607901266432465,1.4091816448443324,49.46961887798791,dbms,high,concept,high,morning,high,thursday,Pomodoro
1.9002850396043836,0.5154801226230372,8.510793667112251,1.854879804795809,59.24586484130201,general,low,exam,high,morning,medium,saturday,Pomodoro
1.254919217923249,1.3905578027348207,8.845015150682936,6.972012276027049,49.08165708351661,general,high,revision,low,morning,high,saturday,Pomodoro
7.515304040737589,0.8235754784155134,4.114595679050289,1.3068612806794324,81.08822173875137,general,medium,concept,medium,night,medium,sunday,Pomodoro
5.944280962998418,0.14134192939021117,7.2458350354868015,9.031046231987276,80.7991306076928,data structures,high,revision,high,morning,low,sunday,Deep Work
9.139391502948934,1.0516992725276266,8.749450578357948,2.037621338952402,95.65856233051571,mathematics,high,revision,medium,morning,low,wednesday,Pomodoro
2.8480589140515087,0.5284878736244247,9.459730379635655,9.240327869633825,59.73974648127813,general,medium,exam,low,morning,high,saturday,Pomodoro
1.544022306867432,1.4982311580517413,7.391039537343625,5.0310221036001685,58.55613272753138,general,low,revision,low,night,low,wednesday,Spaced Repetition
1.4393983773283299,0.584948066447115,8.717693843741351,7.771978058032478,52.530424985367524,general,medium,concept,high,night,high,saturday,Pomodoro
7.537972222966751,0.19107241527247432,6.376146077814077,9.849172928251589,88.5076173686289,machine learning,high,exam,medium,night,high,saturday,Pomodoro
7.8129528354069,1.4990532176158196,7.059244337838416,8.297384840543362,66.2246849654485,algorithms,high,revision,medium,afternoon,medium,friday,Deep Work
2.8749422595523733,0.250762457352961,5.1375729410601565,1.286102345996239,80.45388698491192,dbms,medium,revision,high,morning,medium,tuesday,Pomodoro
1.6143927926995087,0.835835369662876,5.475387601158886,5.290407386711327,95.22833803683329,operating systems,medium,revision,low,morning,medium,tuesday,Spaced Repetition
6.27614804826905,1.1075531251984965,6.0798425917791565,2.8136271288169756,88.45333305995806,operating systems,high,concept,low,morning,medium,friday,Pomodoro
5.943261442401049,0.5460575913517187,5.467044984066551,2.2335371518292315,90.94425249420952,algorithms,low,exam,low,morning,high,tuesday,Pomodoro
9.099562635157836,0.09958050637541827,6.101136434385066,2.0680524286462365,41.738835414998576,mathematics,medium,exam,high,afternoon,medium,monday,Pomodoro
4.938540658645151,1.9364561019234872,9.7249340166622,7.959486004001335,95.94432976879709,mathematics,high,revision,low,afternoon,low,tuesday,Deep Work
5.257316125753302,1.6041251186216061,8.7337053792474,7.839974424978716,60.939696118114654,mathematics,low,revision,low,night,high,tuesday,Pomodoro
9.308294989451719,0.5387138363609882,9.934446792842227,7.0323731814483255,67.81068882151305,algorithms,medium,concept,medium,afternoon,low,wednesday,Spaced Repetition
8.521680207021873,0.45952134971105263,4.213631359099052,8.240793361688116,76.93051331590259,data structures,low,revision,medium,afternoon,medium,friday,Spaced Repetition
2.8817635794285703,0.906313488610053,4.9374646855115,9.61774505029762,86.72428941550984,data structures,medium,concept,low,night,high,sunday,Pomodoro
7.060524212042477,1.1922761233930697,5.766784593046961,1.1229389509176282,44.658874921197445,algorithms,medium,revision,medium,afternoon,medium,monday,Pomodoro
9.51852179262889,0.49304259167873665,8.818567455283812,6.508446593033379,62.61370101311283,mathematics,low,concept,medium,afternoon,medium,saturday,Spaced Repetition
1.6764270880427636,0.6951166546232039,7.688544332443891,8.537673838282963,51.01379469683961,operating systems,high,revision,high,night,high,monday,Deep Work
1.9520101620466028,0.5558440215387181,9.341886737281907,5.949895742793577,64.80499451043453,data structures,high,exam,low,morning,high,monday,Pomodoro
8.387042042556136,0.11800666799820059,9.436670508679946,2.7003256015521213,55.39122563954848,mathematics,low,concept,medium,morning,high,friday,Pomodoro
3.6355206021423436,1.3590160454731108,5.892935238893344,8.132515136753193,47.82720923064165,operating systems,low,concept,high,night,low,monday,Spaced Repetition
6.232052952390688,0.703653794173623,5.395567821783103,6.551972049347345,70.54013101220428,dbms,high,exam,low,afternoon,low,saturday,Spaced Repetition
5.420268722211959,1.3649581324737239,4.609447265412288,3.9551686642964636,44.51633446021623,data structures,medium,revision,low,afternoon,high,monday,Pomodoro
5.369463020492853,0.6709532211217395,4.494117942020549,5.9526597086481665,56.2761151889906,operating systems,low,concept,high,morning,medium,monday,Spaced Repetition
5.257850842894372,1.937227630691859,8.630858657619974,9.084062738465471,60.02289090854757,operating systems,medium,exam,medium,morning,low,thursday,Spaced Repetition
8.919148899770132,1.0214265738900625,4.493761246107856,6.550517014300662,40.5465966329321,general,low,exam,low,morning,high,friday,Pomodoro
5.815663748012931,1.5949779554260344,7.574845194339818,3.8309148784302183,73.66660652610405,general,high,concept,low,morning,high,tuesday,Pomodoro
4.93100094719132,1.4809062447671795,6.678867446098487,1.6165681060739714,50.11621968295254,general,medium,concept,medium,afternoon,medium,tuesday,Pomodoro
8.539817008153054,1.9214802191725002,4.2453225849440175,1.7022868358846979,93.08347019887388,general,low,exam,high,night,medium,sunday,Pomodoro
7.557780913452102,1.2914206894912745,9.914468212060177,2.925061627373126,75.87309618175594,mathematics,low,revision,medium,afternoon,high,monday,Pomodoro
4.84705479918237,0.8206751886715418,9.930339271839177,5.228218681279117,55.38510217452524,algorithms,high,concept,high,afternoon,high,wednesday,Pomodoro
9.58928153996354,0.41144965505933273,5.870099541075768,3.7701347999313226,57.3403800840678,mathematics,high,revision,high,morning,low,friday,Pomodoro
1.154365126269527,1.6403073173712956,9.278788343871517,8.714803008920807,62.50326321313217,general,low,exam,high,morning,medium,friday,Spaced Repetition
9.162768637616308,1.7879753475144948,9.796582384527458,8.965944865814684,40.492042565658735,general,medium,exam,high,afternoon,medium,friday,Spaced Repetition
1.4415253066777889,0.20720773913910406,4.7715208775876405,1.82272939092722,50.69406539615933,dbms,low,exam,high,afternoon,high,wednesday,Pomodoro
2.351382797654877,1.3194630645215142,5.941465624237071,4.070818651529382,79.71506380947558,dbms,medium,concept,high,morning,low,thursday,Pomodoro
2.746484922210445,1.3122994290063308,9.129553939066428,3.2741166496541414,59.631496349734775,general,high,revision,high,afternoon,medium,monday,Pomodoro
5.295498692799118,1.566555362564739,6.590184673845598,3.2680510409024457,59.58836378911724,data structures,high,revision,low,morning,low,friday,Pomodoro
7.885020915925508,1.908920855077267,9.096867698279416,9.563173117712378,74.07619161224382,data structures,high,revision,medium,night,medium,monday,Deep Work
6.624246359674715,0.02944778372266299,8.488324414528698,1.8238160573452515,55.58505616615455,algorithms,low,concept,low,morning,medium,wednesday,Pomodoro
9.466453716751976,1.326916646032185,9.227637445704367,8.447328637813055,61.60706292934023,general,low,concept,high,afternoon,medium,friday,Spaced Repetition
5.795863112453563,1.275252869892528,5.8231214852093345,5.864763259800421,51.38720664607458,dbms,high,revision,low,night,high,sunday,Pomodoro
9.81314351487986,1.309855469544272,9.280640003238428,2.9256555775671584,98.32252565059741,algorithms,low,exam,high,afternoon,low,monday,Pomodoro
7.21484702304009,1.0930102762266394,8.205817927468722,9.421195397928631,79.94042417375746,dbms,medium,concept,medium,morning,low,sunday,Spaced Repetition
3.40610240942968,1.291833052811028,9.915831663702061,1.4414821532901447,93.19184024231006,algorithms,low,exam,high,night,medium,saturday,Pomodoro
3.200069892309959,1.6656980831828851,7.6864600559029945,9.219210575394845,53.918107129467145,data structures,medium,concept,high,morning,high,tuesday,Pomodoro
5.1494407049695194,1.5821442869562248,6.807493791673265,6.1078220781068815,87.47225521528426,dbms,medium,concept,high,afternoon,medium,saturday,Spaced Repetition
3.5999856943680406,0.3444366444140654,8.573384737853015,9.910988053614254,86.66749482518142,mathematics,high,revision,medium,afternoon,low,wednesday,Deep Work
3.940382934823445,1.5133835465520675,6.723596693821371,2.9094513663792627,52.11628971651195,general,medium,concept,high,afternoon,low,monday,Pomodoro
4.877356517084132,0.11487038838988761,6.729460869207056,8.159094195598737,63.27918880571934,algorithms,medium,exam,medium,night,medium,wednesday,Spaced Repetition
8.56007649031599,1.1635612218514424,5.940564131933291,5.646079084752227,81.98238134499513,algorithms,medium,exam,medium,morning,low,friday,Spaced Repetition
8.391965053152191,1.0236127948772482,8.30787720412231,3.799093046403341,58.36350717550869,machine learning,high,revision,medium,night,medium,sunday,Pomodoro
5.213958364791722,0.5010269463277828,4.480552965281472,4.629074751527389,62.444844837292194,machine learning,low,exam,low,night,high,wednesday,Pomodoro
4.893782325436323,0.9361681203752934,9.918134773034446,4.82777335271038,76.24432603594381,mathematics,low,exam,medium,night,high,friday,Pomodoro
3.4531582232231335,1.8310017524908306,8.970998272865614,9.82502146818364,59.45545522098179,mathematics,high,concept,low,morning,low,tuesday,Deep Work
6.086906379615143,0.8073585651730284,6.377320866890686,2.740407488911497,72.2247724478554,machine learning,high,concept,high,night,low,saturday,Pomodoro
9.512599681564435,0.4354580684940492,5.540449608049296,1.9079992189527304,76.33421643363582,data structures,low,exam,high,morning,low,wednesday,Pomodoro
2.0322038602968275,1.9834284575748737,5.814806961909076,6.714906954368053,74.87418069126792,machine learning,high,exam,medium,night,medium,saturday,Spaced Repetition
3.2383644036982107,1.356365169178136,9.413164710296055,4.4715909510984995,86.7462512403188,algorithms,medium,concept,low,night,medium,saturday,Pomodoro
6.935772871269825,1.095261302760355,6.9678156424935365,3.7982082597596047,70.22396471849405,machine learning,low,exam,low,morning,high,wednesday,Pomodoro
1.8619109757966426,0.32068928781033135,4.512800808924888,4.431795759568701,90.5175072651009,mathematics,high,exam,low,afternoon,high,friday,Pomodoro
7.451534860605124,1.762933529759112,7.832194569299036,4.488939105029192,65.54569689581831,algorithms,medium,concept,high,afternoon,high,thursday,Pomodoro
6.845735158744322,0.9354956668003276,7.454497835223088,4.465138342200554,47.593380579654294,data structures,high,concept,low,morning,medium,saturday,Pomodoro
9.013799834012486,0.5400099929300279,4.209894929848377,3.349601199057963,56.72244073724252,algorithms,low,concept,medium,morning,low,sunday,Pomodoro
8.866780412746934,1.442042078605503,7.857304089947517,6.086104038847453,83.37823146657848,operating systems,medium,revision,high,morning,medium,monday,Spaced Repetition
6.393624239981272,0.15769806114125084,5.721421293472614,3.8982898537793838,73.76773211249508,operating systems,high,concept,medium,afternoon,high,monday,Pomodoro
8.29599196135161,0.8237949567242224,8.47851539706463,4.636269552956139,80.7010377673012,machine learning,medium,concept,low,night,low,tuesday,Pomodoro
2.8366575256162623,1.3867900051967554,9.502273540926856,4.551444564951165,50.79066681013248,machine learning,low,exam,medium,night,high,monday,Pomodoro
1.0706042911656088,1.0784610546729663,8.762600842178523,3.396054576857214,76.19749063672104,machine learning,high,concept,medium,afternoon,low,wednesday,Pomodoro
7.8260136129987785,0.642510346827825,4.6181151666532365,1.6462679090092227,45.65655867393616,mathematics,low,concept,medium,afternoon,high,saturday,Pomodoro
2.3559376438690167,1.7663313559512352,5.00224098172011,3.0050646778896417,47.68330830981283,general,high,exam,low,afternoon,high,monday,Pomodoro
9.292578292001767,1.279233464864124,5.037534985763568,7.144812322601679,65.63218163691008,dbms,medium,revision,medium,morning,low,tuesday,Spaced Repetition
2.065614257273525,0.501311960083139,4.838443957386126,4.511536437445508,57.04815185232391,dbms,low,exam,medium,morning,medium,saturday,Pomodoro
2.2679660851335885,1.7540545425232743,5.085838383868014,8.175331230832967,67.41882157768029,mathematics,medium,exam,medium,night,medium,sunday,Spaced Repetition
5.953873491524084,0.2441708433024654,4.676187162629951,1.6507951729551231,84.62604084241265,general,medium,concept,low,morning,low,thursday,Pomodoro
1.186672085255807,0.06316202429284123,7.044192832388978,7.609361308090964,47.25042708003755,data structures,medium,revision,high,night,high,sunday,Pomodoro
2.5539088224915902,0.5172804732746432,6.808365176772787,3.09745088672154,75.3186201829637,dbms,low,exam,high,night,medium,saturday,Pomodoro
5.3915311833135835,0.3731277192693194,9.368262732561194,3.236824018115527,45.478532654689644,mathematics,high,revision,low,night,high,monday,Pomodoro
2.2336114828640325,0.34640726151982415,4.326460766501068,6.909912609605606,90.22046774818703,operating systems,medium,revision,low,afternoon,low,friday,Spaced Repetition
7.571757395453995,0.5972920271734832,7.257412788865715,4.900200581960932,56.59733662562206,dbms,low,exam,low,night,medium,wednesday,Pomodoro
7.459330255384032,1.2226110341107734,5.071197427238289,4.385325790094411,68.0702807874829,algorithms,medium,revision,medium,morning,medium,sunday,Pomodoro
2.8570499072388,0.2901307892808471,4.724123830971837,6.65018782932734,40.007118694651,machine learning,low,concept,high,morning,high,sunday,Pomodoro
9.856163351767245,0.9098132057647943,6.155386843730338,3.6345199405579467,50.461402459052294,machine learning,medium,concept,high,morning,low,wednesday,Pomodoro
7.749913889275331,0.5510160398639905,6.2902589145612495,4.3734751262877705,54.65226839127693,data structures,low,concept,medium,morning,medium,saturday,Pomodoro
8.424522365145016,0.4741545751124292,5.941976686214802,5.331793407024639,75.79977441594889,machine learning,medium,exam,high,morning,low,friday,Spaced Repetition
9.962610415446456,0.35721581864730556,9.894542602960675,4.385348058064995,52.019229164429284,algorithms,medium,exam,low,afternoon,low,sunday,Pomodoro
2.7612868537273565,1.529127436114204,4.141014536909944,4.379475171894589,46.64491046983054,general,low,exam,medium,morning,high,thursday,Pomodoro
6.0096152641594225,0.42642839132028887,8.128662395503909,9.637477202200058,67.50555244269493,mathematics,medium,concept,high,night,low,thursday,Spaced Repetition
2.34673049358034,0.8994546166475639,5.67095202014432,9.488468150680143,93.04420656494388,algorithms,medium,concept,high,night,high,thursday,Pomodoro
2.139926193264355,0.6929026146861208,6.034461090321318,6.090689735136358,57.48750505947382,mathematics,high,concept,high,afternoon,medium,friday,Spaced Repetition
9.638590840646668,1.0401798752116687,6.404195687459517,5.692798381134915,86.73931035397652,machine learning,low,exam,low,night,high,sunday,Pomodoro
4.829551595557198,0.12358762148004154,7.340942265294825,2.5416149920090585,97.93105794117537,dbms,high,concept,low,morning,high,tuesday,Pomodoro
2.8473177676264307,1.510286100232283,8.82251184582449,5.976780274156958,69.31366963509049,algorithms,low,revision,high,afternoon,low,sunday,Spaced Repetition
7.759712745121926,0.28166737830076727,4.5993179079856406,6.055049863896018,64.68908272714951,operating systems,medium,exam,medium,afternoon,low,thursday,Spaced Repetition
4.557030856502198,0.666794255539267,6.031210462136376,2.7694071713340125,91.64133103443936,algorithms,low,exam,low,morning,medium,monday,Pomodoro
6.2378876885532275,1.3389400078371982,5.9550645449495665,6.168057528948961,57.54417404360183,algorithms,low,revision,medium,night,high,thursday,Pomodoro
4.3829456829849684,1.064339921712362,9.65176292537724,7.131300671681874,78.73624677067764,machine learning,medium,concept,medium,afternoon,high,thursday,Pomodoro
4.225308690991585,0.8810732962467565,7.116716599105338,6.68792209718322,88.04156805500386,data structures,medium,exam,high,afternoon,high,thursday,Pomodoro
7.4595002926914225,1.116097951258975,4.33968983880834,2.528945876447424,57.11786325341369,operating systems,low,exam,low,morning,medium,thursday,Pomodoro
3.3880822732623987,0.6200436924322048,7.167458967663546,2.9433304084506178,93.06827881453165,dbms,low,revision,medium,morning,low,wednesday,Pomodoro
2.085080462398003,0.2398803677150716,8.355361963501814,6.12747465880137,72.0245188466599,general,low,concept,medium,afternoon,medium,sunday,Spaced Repetition
6.304428442082564,1.13552245096216,9.826031101837852,8.950478383441201,96.73320062604716,data structures,medium,concept,medium,morning,low,saturday,Spaced Repetition
2.4476814833435725,1.2653187518590794,4.314762957471965,3.6393947716854718,95.26950963604699,dbms,high,revision,high,afternoon,low,sunday,Pomodoro
9.173188509045676,1.8897512838210886,4.036771883882085,5.177216684788588,41.47936334241357,algorithms,medium,exam,medium,afternoon,medium,wednesday,Spaced Repetition
9.284987542417504,1.8698235890304176,4.9318781208802385,1.3048791796607504,99.39048291733413,algorithms,low,exam,medium,night,medium,tuesday,Pomodoro
3.1297306657017394,1.753666057892744,8.917105628503519,6.558574433985598,99.68194954749099,data structures,high,concept,high,afternoon,low,thursday,Spaced Repetition
9.63106378087991,1.2774785125784758,9.082281513223329,5.860591437557546,64.85661085539296,machine learning,medium,exam,medium,afternoon,high,sunday,Pomodoro
7.078191643077933,1.09787735703735,4.0210651054639035,1.3601767666510538,52.05107296306698,algorithms,high,concept,high,afternoon,low,monday,Pomodoro
5.280196687466198,0.5988255604932655,5.93947190235683,3.343537122499198,85.16757527172632,machine learning,medium,exam,low,night,high,thursday,Pomodoro
9.7826687140923,0.7341249114219024,5.246104572385585,9.206127463299419,50.490357358934396,data structures,medium,revision,medium,afternoon,low,tuesday,Spaced Repetition
9.307772373154865,1.1300165653056624,5.975643034840525,2.262904974672354,62.271534168759636,operating systems,high,exam,high,morning,low,saturday,Pomodoro
8.168936986418487,0.5764351659117339,5.165958123242646,9.765420166939847,61.69871966530117,algorithms,high,exam,medium,night,high,thursday,Pomodoro
5.560193375274313,0.5374938905795366,7.177470499085502,8.943529848974691,96.66627774129961,algorithms,low,exam,high,afternoon,medium,tuesday,Spaced Repetition
7.2343661602909695,0.5069073877407293,6.138193559926229,2.721510891072077,91.3780116218287,mathematics,high,revision,low,night,medium,wednesday,Pomodoro
1.8911748060564246,1.5161527945841469,7.578677493393068,3.4694419930367535,55.179984430710824,operating systems,low,exam,high,morning,low,tuesday,Pomodoro
2.477029956362113,0.10904511775655945,5.978386642877274,5.154932626852738,52.28927482455127,algorithms,medium,concept,high,morning,low,tuesday,Spaced Repetition
8.520356472469572,0.036399184302105425,8.813068597146833,9.52206422807838,41.92387128905027,mathematics,low,revision,high,afternoon,low,tuesday,Spaced Repetition
5.698662140235998,0.6618171661560521,7.254674836463241,9.62920858832963,52.36104425748256,general,high,revision,high,afternoon,high,monday,Deep Work
5.514077379885708,0.7235993597261128,5.02449696532695,8.801081978407819,63.654782490435664,operating systems,high,concept,medium,afternoon,medium,tuesday,Spaced Repetition
4.7076371190621895,1.3075990186672335,9.970316514875485,9.440352687093057,40.25690547016622,dbms,low,exam,low,morning,medium,sunday,Spaced Repetition
9.591994910126505,1.3933680670302027,7.23519601196381,5.594635840497837,49.55776554826579,general,low,exam,high,morning,low,sunday,Spaced Repetition
1.7462576864151511,0.20434464607116154,6.82138232199229,5.771974661353901,55.84162574181484,general,low,revision,high,night,medium,monday,Spaced Repetition
3.869185255754961,0.10254066492630654,6.374019484577897,2.697390381444328,73.69795199706279,machine learning,medium,revision,high,night,low,wednesday,Pomodoro
7.532677759045555,1.5805654707456835,5.732900354305729,4.487476407120681,77.60661844277382,general,low,concept,medium,afternoon,medium,saturday,Pomodoro
6.154797099563693,1.735927539872304,9.57609114814595,4.024326977448387,44.0265076915811,data structures,high,revision,medium,night,medium,wednesday,Pomodoro
3.751506993729065,0.730754749069868,6.381557683742884,8.393863439769543,44.86089356987585,operating systems,high,revision,low,night,high,friday,Pomodoro
4.207541510784614,1.1635710523890508,4.597288231053293,3.757705006185519,70.0518964996533,general,high,exam,medium,afternoon,high,sunday,Pomodoro
9.139189062252829,0.17097727470314283,5.299696214656518,8.59980724534297,77.89320912651746,algorithms,medium,revision,medium,night,low,wednesday,Spaced Repetition
9.465808090244714,1.523083096152218,8.177383561144863,3.1503593537007277,47.11440598245703,algorithms,medium,concept,high,morning,high,tuesday,Pomodoro
1.984873643523814,0.5409382112330177,4.279815402769542,4.8911296450431845,89.6467441587768,data structures,high,revision,medium,morning,low,friday,Pomodoro
4.45696133208213,1.4682991946083017,9.62746572054606,5.763205512635257,40.598258293397365,mathematics,low,revision,low,night,high,saturday,Pomodoro
6.693996284365597,0.24225605399550632,5.635783053205033,5.568832774158621,58.9343984907985,general,high,exam,medium,afternoon,medium,thursday,Spaced Repetition
8.524062997501149,0.09379648189033563,9.686480389680108,2.158683059198592,42.06421766285767,mathematics,high,exam,medium,morning,high,saturday,Pomodoro
9.628279672288587,0.042879733246226515,8.431915903528854,9.629079795463673,91.73630376117636,operating systems,medium,concept,high,night,medium,wednesday,Spaced Repetition
3.853663924267524,1.079013147968591,8.145523420427171,4.792058349499435,91.24093182732756,dbms,low,concept,low,afternoon,low,thursday,Pomodoro
6.017664382005478,1.9137768852659325,9.2743720273135,4.640647628036185,57.4908315006612,mathematics,medium,revision,high,night,high,tuesday,Pomodoro
1.5618266531426204,1.3046924951662764,9.469477607513314,4.415008481928563,90.28795153632166,algorithms,low,revision,low,morning,medium,saturday,Pomodoro
8.942943830179132,0.46924453401256416,5.574217511733848,7.336368939796631,50.631628749042285,machine learning,high,revision,low,morning,low,friday,Spaced Repetition
6.727098837862804,1.0001846715644664,4.619802866879679,2.778830030076538,68.77791737197161,machine learning,medium,concept,medium,morning,high,monday,Pomodoro
9.349409178096192,0.695048774169831,5.9747149221856395,6.142947863338157,54.73010866164831,dbms,medium,revision,high,morning,high,wednesday,Pomodoro
5.589033181577846,1.7260538962992473,6.5000204992382224,7.694787527993539,91.38244589288814,machine learning,low,revision,medium,morning,medium,wednesday,Spaced Repetition
4.45870168804468,0.1106839971009057,8.859229714247967,9.857579366035695,89.44175754619658,machine learning,high,revision,low,afternoon,medium,saturday,Deep Work
5.023553999867413,1.8681196401689721,9.125322057794396,1.9216055436660906,47.8915134331426,mathematics,low,exam,medium,night,medium,wednesday,Pomodoro
5.308181177325321,0.8121525847340667,9.238956155136428,1.2894622747934523,93.7506334280074,machine learning,medium,revision,low,night,low,tuesday,Pomodoro
3.2243056302726396,0.035130911407933896,7.715247550178939,5.121184662682438,74.02987277775225,data structures,high,revision,medium,morning,high,friday,Pomodoro
4.021247280793457,1.0597726279603776,7.949974137538886,1.7152449926904514,69.64484309224721,data structures,high,concept,medium,night,low,tuesday,Pomodoro
1.5744343123874223,0.660715377398122,5.386842052059086,9.00092474700699,43.29720723211759,dbms,low,revision,low,afternoon,high,monday,Pomodoro
1.0652718521363003,1.9761358839222998,7.953008202153029,4.288655178114011,68.22593485979448,algorithms,low,revision,high,morning,high,saturday,Pomodoro
2.6571702077306636,1.6807230107706375,4.729339777109614,2.9349300122955206,42.23051728297876,data structures,low,revision,low,afternoon,low,friday,Pomodoro
5.599474010151188,1.4044267368166492,6.861056823492758,3.810110683748536,57.1010745555741,machine learning,medium,exam,high,night,medium,friday,Pomodoro
7.9380856388692225,0.2856198515653392,5.229879659226073,7.173204451481472,73.61386721189575,data structures,high,concept,low,morning,medium,saturday,Spaced Repetition
9.639353085251514,0.6700983418769648,8.671274928536134,8.698745391680621,66.13638984885796,dbms,medium,revision,low,night,low,saturday,Spaced Repetition
1.0725246000598165,1.5172751678274234,7.755319865982905,8.360409924284106,67.3366472861628,algorithms,low,exam,high,night,low,sunday,Spaced Repetition
1.5903177819817342,1.4101598563675835,7.26121658588356,5.732013761364571,57.52273348587491,dbms,high,concept,medium,night,high,saturday,Pomodoro
3.897022082805675,0.6939341512489676,5.250311219538711,5.010586228899389,43.119605884678016,algorithms,medium,exam,low,night,low,sunday,Spaced Repetition
4.48299153328878,1.0071635548289206,5.141818661627379,8.88673980663242,74.33606733186691,algorithms,high,revision,high,night,medium,saturday,Spaced Repetition
1.8435237945374476,1.5618663595809885,9.94904612967101,5.780789148173604,80.96677001164782,mathematics,high,concept,high,afternoon,low,tuesday,Spaced Repetition
3.389820450523859,0.8908673505720603,8.273493351064083,4.382955593161064,95.66393678698023,algorithms,low,exam,high,afternoon,high,monday,Pomodoro
2.4779526240461136,0.11196056972337276,4.726094300491893,9.369863048207213,73.10505297637309,dbms,medium,exam,medium,afternoon,high,wednesday,Pomodoro
7.728171724486993,1.461085262993158,4.278119616605677,5.94702702103322,68.0194872341089,dbms,low,revision,high,night,medium,saturday,Spaced Repetition
9.481861984109383,1.3418778115254122,8.207380914451004,2.1002764588610288,92.45782462449776,operating systems,high,revision,low,morning,low,thursday,Pomodoro
9.723651958441721,1.9682792940834721,5.122256111432286,8.783234278661538,63.425399571633506,machine learning,medium,exam,medium,afternoon,low,saturday,Spaced Repetition
8.86437798652047,0.10534666365939427,9.334869771974713,2.9726591108709854,80.71235465286256,machine learning,high,concept,high,afternoon,high,tuesday,Pomodoro
4.123252227930724,1.0765054926895312,8.867733123676238,2.9479877507050434,88.17579048245658,general,low,concept,high,afternoon,low,friday,Pomodoro
7.641201998365605,0.6323013835566571,6.903420958131049,8.326493850808083,97.23370383386444,general,medium,exam,medium,night,high,wednesday,Pomodoro
3.5702891181465066,1.3071244439160499,7.93339540574184,6.331988668681686,45.97964949097077,algorithms,medium,concept,high,afternoon,medium,thursday,Spaced Repetition
7.900405069786458,0.5907540076812321,4.128333080050479,9.497569271550956,50.18280498369464,dbms,high,exam,medium,night,medium,thursday,Spaced Repetition
9.28350848350033,1.7583698355581958,6.741367329894567,4.698099144926259,73.30054518849107,operating systems,low,exam,medium,night,low,saturday,Pomodoro
6.13108436603551,0.22580642212123148,9.453458226842285,2.7905473870479147,84.61054912863139,machine learning,high,concept,high,afternoon,medium,wednesday,Pomodoro
4.807130016175864,1.1146901294329337,9.331554967739752,3.93463452094411,48.01349595180901,operating systems,low,concept,low,morning,medium,sunday,Pomodoro
5.346580268949991,0.5963945963018589,9.070643794032474,6.419388755138089,67.23597770457943,mathematics,medium,exam,medium,morning,high,saturday,Pomodoro
2.292197171037357,1.3220541164687343,7.968645030704648,8.631317460505699,85.1095833055752,algorithms,high,revision,low,morning,high,friday,Deep Work
1.9398020154301734,0.9081240094467615,6.95656254399454,4.432032792236512,51.11609054186408,mathematics,medium,exam,medium,morning,medium,thursday,Pomodoro
2.297469341568954,1.7460342198821637,5.705068002341575,6.322354930012651,72.80421687903208,machine learning,low,revision,high,night,high,wednesday,Pomodoro
2.9808553624684326,0.36049207462228616,4.093644619931565,2.895200038262681,71.11188599900251,operating systems,medium,revision,high,morning,low,friday,Pomodoro
8.754078558249608,0.328079894152826,4.155766110123526,1.809870007146586,57.19284391322903,operating systems,medium,revision,medium,afternoon,low,saturday,Pomodoro
5.078226983306497,0.6304772568020423,9.647317172473944,8.645658995734102,90.62010252516646,algorithms,low,concept,medium,night,medium,friday,Spaced Repetition
5.199947935481561,0.9731333672158766,9.178785495034385,5.0367304709423415,61.81337763206037,general,medium,revision,medium,afternoon,high,sunday,Pomodoro
9.521806577463684,0.5834477743607218,5.3587881500643695,2.1622276365970086,96.76013160034287,machine learning,low,exam,high,afternoon,high,sunday,Pomodoro
3.3944673019541036,1.7806284166413022,9.875349833539666,5.448469252655121,96.2162419019604,dbms,medium,exam,medium,morning,low,monday,Spaced Repetition
3.0527997829294544,0.6340278023018038,5.280907502191811,9.152821956789746,93.94142363280199,algorithms,low,concept,low,afternoon,low,saturday,Spaced Repetition
4.750012449280855,0.4383231074759304,8.324513309665807,6.681603810994578,45.979696813326434,data structures,low,revision,high,afternoon,high,monday,Pomodoro
7.516079129453985,0.37192644811626363,9.457153356173977,8.450833415555564,49.818510479675425,algorithms,high,revision,high,morning,high,friday,Deep Work
7.120511873694076,1.8767574741681219,7.8302291774236465,4.277423783654943,66.96880952049493,machine learning,high,revision,medium,afternoon,high,saturday,Pomodoro
3.110896906732478,0.3855086437740791,7.4485341439324255,3.9529312825763956,89.22070090285183,algorithms,high,exam,low,morning,high,friday,Pomodoro
1.5025439878882696,1.9554470237452872,8.743552771902477,5.411003289728098,45.19524149076101,mathematics,low,exam,low,morning,low,thursday,Spaced Repetition
9.044086843089982,0.5134755492656233,5.441588053673063,3.368732537620804,60.28647947558216,operating systems,high,concept,medium,night,high,saturday,Pomodoro
1.1230988599417973,0.7102664306315813,5.686167557621214,3.3608426514898113,53.35178694993314,general,low,concept,high,morning,low,wednesday,Pomodoro
1.4672005270215656,1.6745625473981167,9.628435580232466,9.943202732947022,47.51605564794791,general,low,revision,medium,afternoon,medium,tuesday,Spaced Repetition
6.353699513167206,1.7011689396444947,4.0533028229729675,1.3296847586465734,75.80346023955181,data structures,medium,exam,medium,morning,low,wednesday,Pomodoro
5.751182780484114,0.5460776657724951,9.450969204719765,5.180802261922874,65.44933654714102,data structures,high,revision,medium,afternoon,high,friday,Pomodoro
9.557574995545613,1.684894981615416,6.327393408738438,6.746108038453265,96.57821136585736,machine learning,high,revision,high,afternoon,high,saturday,Pomodoro
9.023852707584215,0.014806917289782673,8.900920158783212,5.652556987020469,73.55766325871802,mathematics,low,concept,medium,night,high,monday,Pomodoro
7.789259792655483,0.4420702865345698,4.168610101705865,9.81652500189047,98.8234911616416,algorithms,high,exam,high,morning,medium,friday,Spaced Repetition
2.2191275341831265,1.6444479993935812,9.531444332291409,8.116793530067346,52.044696950171776,data structures,low,exam,high,morning,low,thursday,Spaced Repetition
1.6504481102971325,1.7517714427339026,7.145715900248507,4.674400965337833,58.580833861087356,general,low,revision,high,night,low,friday,Pomodoro
8.188742340568007,0.51422932600829,7.7082568724905345,5.140596150621558,86.9464981120116,general,low,concept,medium,afternoon,high,wednesday,Pomodoro
3.0610128313273095,0.40215637558774375,9.44348241445299,3.375700630620333,56.85863403277081,dbms,high,revision,high,night,low,tuesday,Pomodoro
9.270813929503587,1.3398852267275325,4.0806642639004975,2.841629253031179,80.97023596173395,algorithms,low,concept,medium,night,low,thursday,Pomodoro
5.976522042201031,1.3930780447757858,7.580433176679447,2.1046604920715843,97.78687956309278,general,low,concept,high,afternoon,low,friday,Pomodoro
7.317198117387486,0.9018886443524543,7.1336739177336765,5.646958502577772,81.49422266608337,algorithms,high,concept,medium,night,medium,friday,Spaced Repetition
6.221970673214864,1.776215838022944,6.841237881393343,7.7191000642305365,88.28029707133351,mathematics,low,concept,low,night,medium,wednesday,Spaced Repetition
4.0906910242001615,1.4918442389845474,7.756463746336792,4.742158954326123,97.88515196990983,general,low,exam,medium,afternoon,medium,sunday,Pomodoro
9.048052384662222,0.1403932228154272,9.881932436366956,6.5466261122901495,51.00785523813091,dbms,low,concept,medium,morning,high,friday,Pomodoro
3.509538252198475,0.18698472316797954,5.265267043644113,3.1485593072003053,95.05799145530261,general,medium,exam,low,night,high,wednesday,Pomodoro
1.7806894536101732,0.23408916275353908,8.291151223921894,1.6730493036317557,95.0305261074439,dbms,low,concept,low,morning,medium,sunday,Pomodoro
4.248724722836862,1.5669371028766315,9.848421664609695,6.260693638943738,66.76223966005173,algorithms,high,exam,medium,night,low,friday,Spaced Repetition
1.242865322816431,1.7982442013209419,6.0286393805750595,7.6974918623344815,85.5884144260192,dbms,medium,revision,medium,night,low,friday,Spaced Repetition
1.0828510065157868,0.40044187157733213,4.679323899600695,8.584472111855217,55.510375128868716,general,medium,exam,low,night,high,sunday,Pomodoro
3.554615335115229,0.2385991612036249,4.616851370415124,1.6973856112217456,75.59556821052263,dbms,high,concept,high,night,low,tuesday,Pomodoro
5.481442480560457,0.7976732296795115,8.502333562544209,1.658575888912019,45.368702978945045,dbms,medium,exam,medium,morning,medium,sunday,Pomodoro
4.495301899043928,1.1928200531692925,7.004179766771859,9.834495900781896,89.8650644413957,general,medium,concept,low,afternoon,low,tuesday,Spaced Repetition
1.9361552661559192,1.147445096735152,7.457519770531554,9.570135568741696,66.55424839970256,algorithms,medium,revision,low,morning,low,wednesday,Spaced Repetition
2.9508194018978644,1.1710280849621593,6.088573285047245,6.916537355451969,40.93883907652396,dbms,low,revision,high,morning,low,wednesday,Spaced Repetition
8.993601193405445,0.4896214801218015,7.446218345434084,7.915284934233404,57.32976579517652,dbms,medium,revision,medium,morning,low,monday,Spaced Repetition
4.888926076704653,1.1038024369903447,8.999330628229004,8.221244958842302,46.00259706580067,operating systems,low,revision,low,night,low,saturday,Spaced Repetition
7.118897385007793,0.5307023433507818,5.982070550589952,5.938091876344572,51.9752497480059,mathematics,low,revision,high,morning,medium,monday,Spaced Repetition
4.654112825693973,1.969371107830478,8.622936151007778,9.693551846013161,70.85958873459153,operating systems,high,concept,high,afternoon,high,monday,Deep Work
5.011764587375083,0.4887344570554135,7.167063469241903,3.477320779998848,91.86937213572742,general,low,revision,low,night,low,wednesday,Pomodoro
4.447565309210207,1.2605250561681614,6.652364262365338,6.657719919127322,48.80684329814754,dbms,medium,revision,medium,afternoon,low,friday,Spaced Repetition
3.5344054921172625,0.039759817394560804,7.247323768197363,9.609405109905769,63.47661132441674,algorithms,high,revision,high,night,low,monday,Deep Work
4.9145097736663725,0.8120684131887386,6.219580027540735,8.44231518070175,49.37903328395427,algorithms,high,revision,high,morning,medium,wednesday,Spaced Repetition
6.773024464792388,0.3719041960016094,5.816263414745627,5.374405670349063,65.32141395818122,mathematics,medium,concept,medium,night,low,saturday,Spaced Repetition
1.6428049398204172,0.9345916060501587,5.052467749932466,2.2698801678603275,47.55387859250351,dbms,low,exam,high,night,high,tuesday,Pomodoro
5.129572056425048,0.43253911520381605,6.963535872697273,7.804149242186638,71.2661208576697,mathematics,medium,concept,medium,afternoon,low,saturday,Spaced Repetition
4.329698449652826,0.3029654333077707,5.547854975766891,2.37414909236457,93.20635051254561,operating systems,medium,revision,medium,morning,high,monday,Pomodoro
5.6019208929501385,1.272696250534113,7.960015627447596,3.6006203722664543,48.4446018034692,data structures,high,exam,low,night,medium,monday,Pomodoro
7.926545596192945,0.6402500991894224,9.04295505049448,8.491468291442713,80.06768756839419,general,high,concept,high,morning,medium,wednesday,Deep Work
1.6262360518922112,0.9927287449326141,6.836241391817735,3.7963317120241684,92.22431019652599,machine learning,high,exam,high,afternoon,high,monday,Pomodoro
9.390410549543505,1.7525932809829698,5.916304701002111,6.2772772719065735,44.63760958902795,data structures,high,exam,medium,morning,medium,tuesday,Spaced Repetition
6.0570829270128375,0.8667616962298816,6.753499145792412,9.726148466529024,57.76926809583148,data structures,high,exam,low,afternoon,medium,thursday,Spaced Repetition
